file,line,type,commit,author,date,time,timezone,datetime,depth,length
style.css,1,css,5d785543,imdelacruz03,2026-04-04,14:51:38,-07:00,2026-04-04T14:51:38-07:00,0,4
style.css,2,css,5d785543,imdelacruz03,2026-04-04,14:51:38,-07:00,2026-04-04T14:51:38-07:00,1,23
style.css,3,css,04004c7d,imdelacruz03,2026-04-25,17:31:44,-07:00,2026-04-25T17:31:44-07:00,1,8
style.css,4,css,04004c7d,imdelacruz03,2026-04-25,17:31:44,-07:00,2026-04-25T17:31:44-07:00,1,9
style.css,5,css,4ade34ae,imdelacruz03,2026-04-17,20:58:06,-07:00,2026-04-17T20:58:06-07:00,1,17
style.css,6,css,04004c7d,imdelacruz03,2026-04-25,17:31:44,-07:00,2026-04-25T17:31:44-07:00,0,0
style.css,7,css,04004c7d,imdelacruz03,2026-04-25,17:31:44,-07:00,2026-04-25T17:31:44-07:00,0,0
style.css,8,css,04004c7d,imdelacruz03,2026-04-25,17:31:44,-07:00,2026-04-25T17:31:44-07:00,0,4
style.css,9,css,04004c7d,imdelacruz03,2026-04-25,17:31:44,-07:00,2026-04-25T17:31:44-07:00,1,15
style.css,10,css,44cf725c,imdelacruz03,2026-04-17,20:51:38,-07:00,2026-04-17T20:51:38-07:00,1,13
style.css,11,css,44cf725c,imdelacruz03,2026-04-17,20:51:38,-07:00,2026-04-17T20:51:38-07:00,1,12
style.css,12,css,c083742a,imdelacruz03,2026-04-04,15:22:08,-07:00,2026-04-04T15:22:08-07:00,0,0
style.css,13,css,c083742a,imdelacruz03,2026-04-04,15:22:08,-07:00,2026-04-04T15:22:08-07:00,0,0
style.css,14,css,c083742a,imdelacruz03,2026-04-04,15:22:08,-07:00,2026-04-04T15:22:08-07:00,1,3
style.css,15,css,c083742a,imdelacruz03,2026-04-04,15:22:08,-07:00,2026-04-04T15:22:08-07:00,3,15
style.css,16,css,84e6ae9e,imdelacruz03,2026-04-17,16:08:37,-07:00,2026-04-17T16:08:37-07:00,1,0
style.css,17,css,84e6ae9e,imdelacruz03,2026-04-17,16:08:37,-07:00,2026-04-17T16:08:37-07:00,0,0
style.css,18,css,84e6ae9e,imdelacruz03,2026-04-17,16:08:37,-07:00,2026-04-17T16:08:37-07:00,1,13
style.css,19,css,84e6ae9e,imdelacruz03,2026-04-17,16:08:37,-07:00,2026-04-17T16:08:37-07:00,2,16
style.css,20,css,04004c7d,imdelacruz03,2026-04-25,17:31:44,-07:00,2026-04-25T17:31:44-07:00,2,25
style.css,21,css,04004c7d,imdelacruz03,2026-04-25,17:31:44,-07:00,2026-04-25T17:31:44-07:00,2,38
style.css,22,css,04004c7d,imdelacruz03,2026-04-25,17:31:44,-07:00,2026-04-25T17:31:44-07:00,1,0
style.css,23,css,3eaeef44,imdelacruz03,2026-04-17,17:15:26,-07:00,2026-04-17T17:15:26-07:00,0,0
style.css,24,css,3eaeef44,imdelacruz03,2026-04-17,17:15:26,-07:00,2026-04-17T17:15:26-07:00,0,4
style.css,25,css,3eaeef44,imdelacruz03,2026-04-17,17:15:26,-07:00,2026-04-17T17:15:26-07:00,1,23
style.css,26,css,3eaeef44,imdelacruz03,2026-04-17,17:15:26,-07:00,2026-04-17T17:15:26-07:00,0,0
style.css,27,css,3eaeef44,imdelacruz03,2026-04-17,17:15:26,-07:00,2026-04-17T17:15:26-07:00,0,0
style.css,28,css,3eaeef44,imdelacruz03,2026-04-17,17:15:26,-07:00,2026-04-17T17:15:26-07:00,0,3
style.css,29,css,04004c7d,imdelacruz03,2026-04-25,17:31:44,-07:00,2026-04-25T17:31:44-07:00,1,12
style.css,30,css,44cf725c,imdelacruz03,2026-04-17,20:51:38,-07:00,2026-04-17T20:51:38-07:00,1,8
style.css,31,css,04004c7d,imdelacruz03,2026-04-25,17:31:44,-07:00,2026-04-25T17:31:44-07:00,1,19
style.css,32,css,04004c7d,imdelacruz03,2026-04-25,17:31:44,-07:00,2026-04-25T17:31:44-07:00,1,42
style.css,33,css,44cf725c,imdelacruz03,2026-04-17,20:51:38,-07:00,2026-04-17T20:51:38-07:00,0,0
style.css,34,css,44cf725c,imdelacruz03,2026-04-17,20:51:38,-07:00,2026-04-17T20:51:38-07:00,0,0
style.css,35,css,44cf725c,imdelacruz03,2026-04-17,20:51:38,-07:00,2026-04-17T20:51:38-07:00,0,4
style.css,36,css,e43c0774,imdelacruz03,2026-04-24,14:10:31,-07:00,2026-04-24T14:10:31-07:00,1,13
style.css,37,css,44cf725c,imdelacruz03,2026-04-17,20:51:38,-07:00,2026-04-17T20:51:38-07:00,1,20
style.css,38,css,04004c7d,imdelacruz03,2026-04-25,17:31:44,-07:00,2026-04-25T17:31:44-07:00,1,18
style.css,39,css,04004c7d,imdelacruz03,2026-04-25,17:31:44,-07:00,2026-04-25T17:31:44-07:00,0,0
style.css,40,css,04004c7d,imdelacruz03,2026-04-25,17:31:44,-07:00,2026-04-25T17:31:44-07:00,0,0
style.css,41,css,04004c7d,imdelacruz03,2026-04-25,17:31:44,-07:00,2026-04-25T17:31:44-07:00,0,10
style.css,42,css,04004c7d,imdelacruz03,2026-04-25,17:31:44,-07:00,2026-04-25T17:31:44-07:00,1,28
style.css,43,css,04004c7d,imdelacruz03,2026-04-25,17:31:44,-07:00,2026-04-25T17:31:44-07:00,1,16
style.css,44,css,3eaeef44,imdelacruz03,2026-04-17,17:15:26,-07:00,2026-04-17T17:15:26-07:00,0,0
style.css,45,css,3eaeef44,imdelacruz03,2026-04-17,17:15:26,-07:00,2026-04-17T17:15:26-07:00,0,0
style.css,46,css,3eaeef44,imdelacruz03,2026-04-17,17:15:26,-07:00,2026-04-17T17:15:26-07:00,0,13
style.css,47,css,3eaeef44,imdelacruz03,2026-04-17,17:15:26,-07:00,2026-04-17T17:15:26-07:00,2,17
style.css,48,css,3eaeef44,imdelacruz03,2026-04-17,17:15:26,-07:00,2026-04-17T17:15:26-07:00,2,8
style.css,49,css,3eaeef44,imdelacruz03,2026-04-17,17:15:26,-07:00,2026-04-17T17:15:26-07:00,2,10
style.css,50,css,3eaeef44,imdelacruz03,2026-04-17,17:15:26,-07:00,2026-04-17T17:15:26-07:00,2,13
style.css,51,css,3eaeef44,imdelacruz03,2026-04-17,17:15:26,-07:00,2026-04-17T17:15:26-07:00,2,19
style.css,52,css,3eaeef44,imdelacruz03,2026-04-17,17:15:26,-07:00,2026-04-17T17:15:26-07:00,0,0
style.css,53,css,3eaeef44,imdelacruz03,2026-04-17,17:15:26,-07:00,2026-04-17T17:15:26-07:00,0,0
style.css,54,css,3eaeef44,imdelacruz03,2026-04-17,17:15:26,-07:00,2026-04-17T17:15:26-07:00,0,31
style.css,55,css,3eaeef44,imdelacruz03,2026-04-17,17:15:26,-07:00,2026-04-17T17:15:26-07:00,2,19
style.css,56,css,04004c7d,imdelacruz03,2026-04-25,17:31:44,-07:00,2026-04-25T17:31:44-07:00,0,0
style.css,57,css,04004c7d,imdelacruz03,2026-04-25,17:31:44,-07:00,2026-04-25T17:31:44-07:00,0,0
style.css,58,css,04004c7d,imdelacruz03,2026-04-25,17:31:44,-07:00,2026-04-25T17:31:44-07:00,0,4
style.css,59,css,04004c7d,imdelacruz03,2026-04-25,17:31:44,-07:00,2026-04-25T17:31:44-07:00,1,12
style.css,60,css,04004c7d,imdelacruz03,2026-04-25,17:31:44,-07:00,2026-04-25T17:31:44-07:00,1,25
style.css,61,css,04004c7d,imdelacruz03,2026-04-25,17:31:44,-07:00,2026-04-25T17:31:44-07:00,1,9
style.css,62,css,04004c7d,imdelacruz03,2026-04-25,17:31:44,-07:00,2026-04-25T17:31:44-07:00,1,15
style.css,63,css,04004c7d,imdelacruz03,2026-04-25,17:31:44,-07:00,2026-04-25T17:31:44-07:00,0,0
style.css,64,css,04004c7d,imdelacruz03,2026-04-25,17:31:44,-07:00,2026-04-25T17:31:44-07:00,0,0
style.css,65,css,04004c7d,imdelacruz03,2026-04-25,17:31:44,-07:00,2026-04-25T17:31:44-07:00,0,5
style.css,66,css,04004c7d,imdelacruz03,2026-04-25,17:31:44,-07:00,2026-04-25T17:31:44-07:00,1,16
style.css,67,css,04004c7d,imdelacruz03,2026-04-25,17:31:44,-07:00,2026-04-25T17:31:44-07:00,0,0
style.css,68,css,04004c7d,imdelacruz03,2026-04-25,17:31:44,-07:00,2026-04-25T17:31:44-07:00,0,0
style.css,69,css,04004c7d,imdelacruz03,2026-04-25,17:31:44,-07:00,2026-04-25T17:31:44-07:00,0,23
style.css,70,css,04004c7d,imdelacruz03,2026-04-25,17:31:44,-07:00,2026-04-25T17:31:44-07:00,1,10
style.css,71,css,04004c7d,imdelacruz03,2026-04-25,17:31:44,-07:00,2026-04-25T17:31:44-07:00,1,21
style.css,72,css,04004c7d,imdelacruz03,2026-04-25,17:31:44,-07:00,2026-04-25T17:31:44-07:00,0,0
style.css,73,css,04004c7d,imdelacruz03,2026-04-25,17:31:44,-07:00,2026-04-25T17:31:44-07:00,0,0
style.css,74,css,04004c7d,imdelacruz03,2026-04-25,17:31:44,-07:00,2026-04-25T17:31:44-07:00,0,8
style.css,75,css,04004c7d,imdelacruz03,2026-04-25,17:31:44,-07:00,2026-04-25T17:31:44-07:00,1,12
style.css,76,css,04004c7d,imdelacruz03,2026-04-25,17:31:44,-07:00,2026-04-25T17:31:44-07:00,1,58
style.css,77,css,04004c7d,imdelacruz03,2026-04-25,17:31:44,-07:00,2026-04-25T17:31:44-07:00,1,9
style.css,78,css,04004c7d,imdelacruz03,2026-04-25,17:31:44,-07:00,2026-04-25T17:31:44-07:00,0,0
style.css,79,css,04004c7d,imdelacruz03,2026-04-25,17:31:44,-07:00,2026-04-25T17:31:44-07:00,0,0
style.css,80,css,04004c7d,imdelacruz03,2026-04-25,17:31:44,-07:00,2026-04-25T17:31:44-07:00,0,17
style.css,81,css,04004c7d,imdelacruz03,2026-04-25,17:31:44,-07:00,2026-04-25T17:31:44-07:00,1,12
style.css,82,css,04004c7d,imdelacruz03,2026-04-25,17:31:44,-07:00,2026-04-25T17:31:44-07:00,1,26
style.css,83,css,04004c7d,imdelacruz03,2026-04-25,17:31:44,-07:00,2026-04-25T17:31:44-07:00,1,15
style.css,84,css,04004c7d,imdelacruz03,2026-04-25,17:31:44,-07:00,2026-04-25T17:31:44-07:00,1,7
style.css,85,css,04004c7d,imdelacruz03,2026-04-25,17:31:44,-07:00,2026-04-25T17:31:44-07:00,0,0
style.css,86,css,04004c7d,imdelacruz03,2026-04-25,17:31:44,-07:00,2026-04-25T17:31:44-07:00,0,0
style.css,87,css,04004c7d,imdelacruz03,2026-04-25,17:31:44,-07:00,2026-04-25T17:31:44-07:00,0,12
style.css,88,css,04004c7d,imdelacruz03,2026-04-25,17:31:44,-07:00,2026-04-25T17:31:44-07:00,1,8
style.css,89,css,04004c7d,imdelacruz03,2026-04-25,17:31:44,-07:00,2026-04-25T17:31:44-07:00,0,0
style.css,90,css,04004c7d,imdelacruz03,2026-04-25,17:31:44,-07:00,2026-04-25T17:31:44-07:00,0,0
style.css,91,css,04004c7d,imdelacruz03,2026-04-25,17:31:44,-07:00,2026-04-25T17:31:44-07:00,0,22
style.css,92,css,04004c7d,imdelacruz03,2026-04-25,17:31:44,-07:00,2026-04-25T17:31:44-07:00,1,15
style.css,93,css,04004c7d,imdelacruz03,2026-04-25,17:31:44,-07:00,2026-04-25T17:31:44-07:00,1,17
style.css,94,css,04004c7d,imdelacruz03,2026-04-25,17:31:44,-07:00,2026-04-25T17:31:44-07:00,0,0
style.css,95,css,04004c7d,imdelacruz03,2026-04-25,17:31:44,-07:00,2026-04-25T17:31:44-07:00,0,0
style.css,96,css,04004c7d,imdelacruz03,2026-04-25,17:31:44,-07:00,2026-04-25T17:31:44-07:00,0,2
style.css,97,css,04004c7d,imdelacruz03,2026-04-25,17:31:44,-07:00,2026-04-25T17:31:44-07:00,1,14
style.css,98,css,c49a1a07,imdelacruz03,2026-04-29,14:54:11,-07:00,2026-04-29T14:54:11-07:00,0,0
style.css,99,css,c49a1a07,imdelacruz03,2026-04-29,14:54:11,-07:00,2026-04-29T14:54:11-07:00,0,0
style.css,100,css,c49a1a07,imdelacruz03,2026-04-29,14:54:11,-07:00,2026-04-29T14:54:11-07:00,0,19
style.css,101,css,c49a1a07,imdelacruz03,2026-04-29,14:54:11,-07:00,2026-04-29T14:54:11-07:00,1,12
style.css,102,css,18b6d580,imdelacruz03,2026-04-30,15:14:01,-07:00,2026-04-30T15:14:01-07:00,1,14
style.css,103,css,c49a1a07,imdelacruz03,2026-04-29,14:54:11,-07:00,2026-04-29T14:54:11-07:00,1,18
style.css,104,css,c49a1a07,imdelacruz03,2026-04-29,14:54:11,-07:00,2026-04-29T14:54:11-07:00,1,7
style.css,105,css,18b6d580,imdelacruz03,2026-04-30,15:14:01,-07:00,2026-04-30T15:14:01-07:00,1,16
style.css,106,css,c49a1a07,imdelacruz03,2026-04-29,14:54:11,-07:00,2026-04-29T14:54:11-07:00,0,0
style.css,107,css,c49a1a07,imdelacruz03,2026-04-29,14:54:11,-07:00,2026-04-29T14:54:11-07:00,0,0
style.css,108,css,18b6d580,imdelacruz03,2026-04-30,15:14:01,-07:00,2026-04-30T15:14:01-07:00,0,23
style.css,109,css,18b6d580,imdelacruz03,2026-04-30,15:14:01,-07:00,2026-04-30T15:14:01-07:00,1,10
style.css,110,css,18b6d580,imdelacruz03,2026-04-30,15:14:01,-07:00,2026-04-30T15:14:01-07:00,1,11
style.css,111,css,18b6d580,imdelacruz03,2026-04-30,15:14:01,-07:00,2026-04-30T15:14:01-07:00,1,43
style.css,112,css,c49a1a07,imdelacruz03,2026-04-29,14:54:11,-07:00,2026-04-29T14:54:11-07:00,0,0
style.css,113,css,c49a1a07,imdelacruz03,2026-04-29,14:54:11,-07:00,2026-04-29T14:54:11-07:00,0,0
style.css,114,css,c49a1a07,imdelacruz03,2026-04-29,14:54:11,-07:00,2026-04-29T14:54:11-07:00,0,7
style.css,115,css,c49a1a07,imdelacruz03,2026-04-29,14:54:11,-07:00,2026-04-29T14:54:11-07:00,1,12
style.css,116,css,18b6d580,imdelacruz03,2026-04-30,15:14:01,-07:00,2026-04-30T15:14:01-07:00,1,57
style.css,117,css,c49a1a07,imdelacruz03,2026-04-29,14:54:11,-07:00,2026-04-29T14:54:11-07:00,1,15
style.css,118,css,18b6d580,imdelacruz03,2026-04-30,15:14:01,-07:00,2026-04-30T15:14:01-07:00,1,11
style.css,119,css,18b6d580,imdelacruz03,2026-04-30,15:14:01,-07:00,2026-04-30T15:14:01-07:00,1,9
style.css,120,css,18b6d580,imdelacruz03,2026-04-30,15:14:01,-07:00,2026-04-30T15:14:01-07:00,1,26
style.css,121,css,18b6d580,imdelacruz03,2026-04-30,15:14:01,-07:00,2026-04-30T15:14:01-07:00,1,19
style.css,122,css,18b6d580,imdelacruz03,2026-04-30,15:14:01,-07:00,2026-04-30T15:14:01-07:00,1,6
style.css,123,css,18b6d580,imdelacruz03,2026-04-30,15:14:01,-07:00,2026-04-30T15:14:01-07:00,1,11
style.css,124,css,c49a1a07,imdelacruz03,2026-04-29,14:54:11,-07:00,2026-04-29T14:54:11-07:00,0,0
style.css,125,css,c49a1a07,imdelacruz03,2026-04-29,14:54:11,-07:00,2026-04-29T14:54:11-07:00,0,0
style.css,126,css,18b6d580,imdelacruz03,2026-04-30,15:14:01,-07:00,2026-04-30T15:14:01-07:00,0,11
style.css,127,css,c49a1a07,imdelacruz03,2026-04-29,14:54:11,-07:00,2026-04-29T14:54:11-07:00,1,12
style.css,128,css,c49a1a07,imdelacruz03,2026-04-29,14:54:11,-07:00,2026-04-29T14:54:11-07:00,1,18
style.css,129,css,c49a1a07,imdelacruz03,2026-04-29,14:54:11,-07:00,2026-04-29T14:54:11-07:00,1,9
style.css,130,css,c49a1a07,imdelacruz03,2026-04-29,14:54:11,-07:00,2026-04-29T14:54:11-07:00,0,0
style.css,131,css,c49a1a07,imdelacruz03,2026-04-29,14:54:11,-07:00,2026-04-29T14:54:11-07:00,0,0
style.css,132,css,18b6d580,imdelacruz03,2026-04-30,15:14:01,-07:00,2026-04-30T15:14:01-07:00,0,6
style.css,133,css,18b6d580,imdelacruz03,2026-04-30,15:14:01,-07:00,2026-04-30T15:14:01-07:00,1,20
style.css,134,css,c49a1a07,imdelacruz03,2026-04-29,14:54:11,-07:00,2026-04-29T14:54:11-07:00,1,9
style.css,135,css,c49a1a07,imdelacruz03,2026-04-29,14:54:11,-07:00,2026-04-29T14:54:11-07:00,1,10
style.css,136,css,18b6d580,imdelacruz03,2026-04-30,15:14:01,-07:00,2026-04-30T15:14:01-07:00,1,18
style.css,137,css,c49a1a07,imdelacruz03,2026-04-29,14:54:11,-07:00,2026-04-29T14:54:11-07:00,1,29
style.css,138,css,c49a1a07,imdelacruz03,2026-04-29,14:54:11,-07:00,2026-04-29T14:54:11-07:00,1,17
style.css,139,css,c49a1a07,imdelacruz03,2026-04-29,14:54:11,-07:00,2026-04-29T14:54:11-07:00,0,0
style.css,140,css,c49a1a07,imdelacruz03,2026-04-29,14:54:11,-07:00,2026-04-29T14:54:11-07:00,0,0
style.css,141,css,18b6d580,imdelacruz03,2026-04-30,15:14:01,-07:00,2026-04-30T15:14:01-07:00,0,10
style.css,142,css,18b6d580,imdelacruz03,2026-04-30,15:14:01,-07:00,2026-04-30T15:14:01-07:00,1,14
style.css,143,css,18b6d580,imdelacruz03,2026-04-30,15:14:01,-07:00,2026-04-30T15:14:01-07:00,1,15
style.css,144,css,18b6d580,imdelacruz03,2026-04-30,15:14:01,-07:00,2026-04-30T15:14:01-07:00,0,0
style.css,145,css,18b6d580,imdelacruz03,2026-04-30,15:14:01,-07:00,2026-04-30T15:14:01-07:00,0,0
style.css,146,css,18b6d580,imdelacruz03,2026-04-30,15:14:01,-07:00,2026-04-30T15:14:01-07:00,0,16
style.css,147,css,18b6d580,imdelacruz03,2026-04-30,15:14:01,-07:00,2026-04-30T15:14:01-07:00,1,15
style.css,148,css,18b6d580,imdelacruz03,2026-04-30,15:14:01,-07:00,2026-04-30T15:14:01-07:00,2,11
style.css,149,css,18b6d580,imdelacruz03,2026-04-30,15:14:01,-07:00,2026-04-30T15:14:01-07:00,1,0
style.css,150,css,18b6d580,imdelacruz03,2026-04-30,15:14:01,-07:00,2026-04-30T15:14:01-07:00,0,0
style.css,151,css,18b6d580,imdelacruz03,2026-04-30,15:14:01,-07:00,2026-04-30T15:14:01-07:00,0,0
style.css,152,css,18b6d580,imdelacruz03,2026-04-30,15:14:01,-07:00,2026-04-30T15:14:01-07:00,0,3
style.css,153,css,18b6d580,imdelacruz03,2026-04-30,15:14:01,-07:00,2026-04-30T15:14:01-07:00,1,16
style.css,154,css,18b6d580,imdelacruz03,2026-04-30,15:14:01,-07:00,2026-04-30T15:14:01-07:00,1,14
style.css,155,css,18b6d580,imdelacruz03,2026-04-30,15:14:01,-07:00,2026-04-30T15:14:01-07:00,0,0
style.css,156,css,18b6d580,imdelacruz03,2026-04-30,15:14:01,-07:00,2026-04-30T15:14:01-07:00,0,0
style.css,157,css,18b6d580,imdelacruz03,2026-04-30,15:14:01,-07:00,2026-04-30T15:14:01-07:00,0,8
style.css,158,css,18b6d580,imdelacruz03,2026-04-30,15:14:01,-07:00,2026-04-30T15:14:01-07:00,1,46
style.css,159,css,18b6d580,imdelacruz03,2026-04-30,15:14:01,-07:00,2026-04-30T15:14:01-07:00,0,0
style.css,160,css,18b6d580,imdelacruz03,2026-04-30,15:14:01,-07:00,2026-04-30T15:14:01-07:00,1,9
style.css,161,css,18b6d580,imdelacruz03,2026-04-30,15:14:01,-07:00,2026-04-30T15:14:01-07:00,2,17
style.css,162,css,18b6d580,imdelacruz03,2026-04-30,15:14:01,-07:00,2026-04-30T15:14:01-07:00,1,0
style.css,163,css,18b6d580,imdelacruz03,2026-04-30,15:14:01,-07:00,2026-04-30T15:14:01-07:00,0,0
style.css,164,css,18b6d580,imdelacruz03,2026-04-30,15:14:01,-07:00,2026-04-30T15:14:01-07:00,0,0
style.css,165,css,18b6d580,imdelacruz03,2026-04-30,15:14:01,-07:00,2026-04-30T15:14:01-07:00,0,0
style.css,166,css,18b6d580,imdelacruz03,2026-04-30,15:14:01,-07:00,2026-04-30T15:14:01-07:00,0,38
style.css,167,css,18b6d580,imdelacruz03,2026-04-30,15:14:01,-07:00,2026-04-30T15:14:01-07:00,1,11
style.css,168,css,18b6d580,imdelacruz03,2026-04-30,15:14:01,-07:00,2026-04-30T15:14:01-07:00,0,0
style.css,169,css,18b6d580,imdelacruz03,2026-04-30,15:14:01,-07:00,2026-04-30T15:14:01-07:00,0,0
style.css,170,css,18b6d580,imdelacruz03,2026-04-30,15:14:01,-07:00,2026-04-30T15:14:01-07:00,0,42
style.css,171,css,18b6d580,imdelacruz03,2026-04-30,15:14:01,-07:00,2026-04-30T15:14:01-07:00,1,11
style.css,172,css,00000000,Not Committed Yet,2026-05-09,19:26:15,-07:00,2026-05-09T19:26:15-07:00,0,0
style.css,173,css,00000000,Not Committed Yet,2026-05-09,19:26:15,-07:00,2026-05-09T19:26:15-07:00,0,0
style.css,174,css,00000000,Not Committed Yet,2026-05-09,19:26:15,-07:00,2026-05-09T19:26:15-07:00,0,4
style.css,175,css,00000000,Not Committed Yet,2026-05-09,19:26:15,-07:00,2026-05-09T19:26:15-07:00,1,16
style.css,176,css,00000000,Not Committed Yet,2026-05-09,19:26:15,-07:00,2026-05-09T19:26:15-07:00,1,14
style.css,177,css,18b6d580,imdelacruz03,2026-04-30,15:14:01,-07:00,2026-04-30T15:14:01-07:00,0,0
index.js,1,js,d1b55887,imdelacruz03,2026-04-25,18:01:43,-07:00,2026-04-25T18:01:43-07:00,0,71
index.js,2,js,d1b55887,imdelacruz03,2026-04-25,18:01:43,-07:00,2026-04-25T18:01:43-07:00,0,54
index.js,3,js,d1b55887,imdelacruz03,2026-04-25,18:01:43,-07:00,2026-04-25T18:01:43-07:00,0,42
index.js,4,js,d1b55887,imdelacruz03,2026-04-25,18:01:43,-07:00,2026-04-25T18:01:43-07:00,0,60
index.js,5,js,d1b55887,imdelacruz03,2026-04-25,18:01:43,-07:00,2026-04-25T18:01:43-07:00,0,54
index.js,6,js,d1b55887,imdelacruz03,2026-04-25,18:01:43,-07:00,2026-04-25T18:01:43-07:00,0,58
index.js,7,js,d1b55887,imdelacruz03,2026-04-25,18:01:43,-07:00,2026-04-25T18:01:43-07:00,0,60
index.js,8,js,d1b55887,imdelacruz03,2026-04-25,18:01:43,-07:00,2026-04-25T18:01:43-07:00,0,0
index.js,9,js,d1b55887,imdelacruz03,2026-04-25,18:01:43,-07:00,2026-04-25T18:01:43-07:00,0,47
index.js,10,js,d1b55887,imdelacruz03,2026-04-25,18:01:43,-07:00,2026-04-25T18:01:43-07:00,1,59
index.js,11,js,d1b55887,imdelacruz03,2026-04-25,18:01:43,-07:00,2026-04-25T18:01:43-07:00,0,0
index.js,12,js,d1b55887,imdelacruz03,2026-04-25,18:01:43,-07:00,2026-04-25T18:01:43-07:00,0,0
index.js,13,js,d1b55887,imdelacruz03,2026-04-25,18:01:43,-07:00,2026-04-25T18:01:43-07:00,0,0
index.html,1,html,491923a4,imdelacruz03,2026-04-04,10:52:09,-07:00,2026-04-04T10:52:09-07:00,0,13
index.html,2,html,491923a4,imdelacruz03,2026-04-04,10:52:09,-07:00,2026-04-04T10:52:09-07:00,0,14
index.html,3,html,491923a4,imdelacruz03,2026-04-04,10:52:09,-07:00,2026-04-04T10:52:09-07:00,0,4
index.html,4,html,491923a4,imdelacruz03,2026-04-04,10:52:09,-07:00,2026-04-04T10:52:09-07:00,2,20
index.html,5,html,491923a4,imdelacruz03,2026-04-04,10:52:09,-07:00,2026-04-04T10:52:09-07:00,2,68
index.html,6,html,491923a4,imdelacruz03,2026-04-04,10:52:09,-07:00,2026-04-04T10:52:09-07:00,2,60
index.html,7,html,5d785543,imdelacruz03,2026-04-04,14:51:38,-07:00,2026-04-04T14:51:38-07:00,2,38
index.html,8,html,491923a4,imdelacruz03,2026-04-04,10:52:09,-07:00,2026-04-04T10:52:09-07:00,0,5
index.html,9,html,491923a4,imdelacruz03,2026-04-04,10:52:09,-07:00,2026-04-04T10:52:09-07:00,0,4
index.html,10,html,04004c7d,imdelacruz03,2026-04-25,17:31:44,-07:00,2026-04-25T17:31:44-07:00,2,4
index.html,11,html,04004c7d,imdelacruz03,2026-04-25,17:31:44,-07:00,2026-04-25T17:31:44-07:00,4,25
index.html,12,html,04004c7d,imdelacruz03,2026-04-25,17:31:44,-07:00,2026-04-25T17:31:44-07:00,4,150
index.html,13,html,04004c7d,imdelacruz03,2026-04-25,17:31:44,-07:00,2026-04-25T17:31:44-07:00,4,88
index.html,14,html,04004c7d,imdelacruz03,2026-04-25,17:31:44,-07:00,2026-04-25T17:31:44-07:00,4,71
index.html,15,html,d1b55887,imdelacruz03,2026-04-25,18:01:43,-07:00,2026-04-25T18:01:43-07:00,4,22
index.html,16,html,d1b55887,imdelacruz03,2026-04-25,18:01:43,-07:00,2026-04-25T18:01:43-07:00,4,20
index.html,17,html,d1b55887,imdelacruz03,2026-04-25,18:01:43,-07:00,2026-04-25T18:01:43-07:00,4,49
index.html,18,html,d1b55887,imdelacruz03,2026-04-25,18:01:43,-07:00,2026-04-25T18:01:43-07:00,4,4
index.html,19,html,04004c7d,imdelacruz03,2026-04-25,17:31:44,-07:00,2026-04-25T17:31:44-07:00,2,5
index.html,20,html,4c2e3a20,imdelacruz03,2026-04-17,16:33:22,-07:00,2026-04-17T16:33:22-07:00,2,45
index.html,21,html,d1b55887,imdelacruz03,2026-04-25,18:01:43,-07:00,2026-04-25T18:01:43-07:00,2,50
index.html,22,html,491923a4,imdelacruz03,2026-04-04,10:52:09,-07:00,2026-04-04T10:52:09-07:00,0,5
index.html,23,html,acc8e104,imdelacruz03,2026-04-04,15:12:34,-07:00,2026-04-04T15:12:34-07:00,0,5
global.js,1,js,15424a17,imdelacruz03,2026-04-16,13:15:47,-07:00,2026-04-16T13:15:47-07:00,0,25
global.js,2,js,15424a17,imdelacruz03,2026-04-16,13:15:47,-07:00,2026-04-16T13:15:47-07:00,0,0
global.js,3,js,15424a17,imdelacruz03,2026-04-16,13:15:47,-07:00,2026-04-16T13:15:47-07:00,0,40
global.js,4,js,15424a17,imdelacruz03,2026-04-16,13:15:47,-07:00,2026-04-16T13:15:47-07:00,2,52
global.js,5,js,e613a70d,imdelacruz03,2026-04-17,16:01:45,-07:00,2026-04-17T16:01:45-07:00,0,0
global.js,6,js,e613a70d,imdelacruz03,2026-04-17,16:01:45,-07:00,2026-04-17T16:01:45-07:00,0,0
global.js,7,js,6f6eeee9,imdelacruz03,2026-04-17,16:23:47,-07:00,2026-04-17T16:23:47-07:00,0,88
global.js,8,js,6f6eeee9,imdelacruz03,2026-04-17,16:23:47,-07:00,2026-04-17T16:23:47-07:00,2,3
global.js,9,js,6f6eeee9,imdelacruz03,2026-04-17,16:23:47,-07:00,2026-04-17T16:23:47-07:00,2,14
global.js,10,js,6f6eeee9,imdelacruz03,2026-04-17,16:23:47,-07:00,2026-04-17T16:23:47-07:00,0,0
global.js,11,js,6f6eeee9,imdelacruz03,2026-04-17,16:23:47,-07:00,2026-04-17T16:23:47-07:00,0,0
global.js,12,js,e613a70d,imdelacruz03,2026-04-17,16:01:45,-07:00,2026-04-17T16:01:45-07:00,0,60
global.js,13,js,e613a70d,imdelacruz03,2026-04-17,16:01:45,-07:00,2026-04-17T16:01:45-07:00,0,62
global.js,14,js,e613a70d,imdelacruz03,2026-04-17,16:01:45,-07:00,2026-04-17T16:01:45-07:00,0,52
global.js,15,js,e613a70d,imdelacruz03,2026-04-17,16:01:45,-07:00,2026-04-17T16:01:45-07:00,0,11
global.js,16,js,e613a70d,imdelacruz03,2026-04-17,16:01:45,-07:00,2026-04-17T16:01:45-07:00,1,25
global.js,17,js,e613a70d,imdelacruz03,2026-04-17,16:01:45,-07:00,2026-04-17T16:01:45-07:00,1,38
global.js,18,js,e613a70d,imdelacruz03,2026-04-17,16:01:45,-07:00,2026-04-17T16:01:45-07:00,1,35
global.js,19,js,e613a70d,imdelacruz03,2026-04-17,16:01:45,-07:00,2026-04-17T16:01:45-07:00,1,24
global.js,20,js,00000000,Not Committed Yet,2026-05-09,19:26:15,-07:00,2026-05-09T19:26:15-07:00,1,29
global.js,21,js,e613a70d,imdelacruz03,2026-04-17,16:01:45,-07:00,2026-04-17T16:01:45-07:00,1,55
global.js,22,js,e613a70d,imdelacruz03,2026-04-17,16:01:45,-07:00,2026-04-17T16:01:45-07:00,0,0
global.js,23,js,e613a70d,imdelacruz03,2026-04-17,16:01:45,-07:00,2026-04-17T16:01:45-07:00,0,0
global.js,24,js,e613a70d,imdelacruz03,2026-04-17,16:01:45,-07:00,2026-04-17T16:01:45-07:00,0,85
global.js,25,js,e613a70d,imdelacruz03,2026-04-17,16:01:45,-07:00,2026-04-17T16:01:45-07:00,0,80
global.js,26,js,e613a70d,imdelacruz03,2026-04-17,16:01:45,-07:00,2026-04-17T16:01:45-07:00,0,0
global.js,27,js,e613a70d,imdelacruz03,2026-04-17,16:01:45,-07:00,2026-04-17T16:01:45-07:00,0,60
global.js,28,js,e613a70d,imdelacruz03,2026-04-17,16:01:45,-07:00,2026-04-17T16:01:45-07:00,0,55
global.js,29,js,e613a70d,imdelacruz03,2026-04-17,16:01:45,-07:00,2026-04-17T16:01:45-07:00,0,20
global.js,30,js,e613a70d,imdelacruz03,2026-04-17,16:01:45,-07:00,2026-04-17T16:01:45-07:00,2,14
global.js,31,js,e613a70d,imdelacruz03,2026-04-17,16:01:45,-07:00,2026-04-17T16:01:45-07:00,2,18
global.js,32,js,6f6eeee9,imdelacruz03,2026-04-17,16:23:47,-07:00,2026-04-17T16:23:47-07:00,0,0
global.js,33,js,6f6eeee9,imdelacruz03,2026-04-17,16:23:47,-07:00,2026-04-17T16:23:47-07:00,2,48
global.js,34,js,6f6eeee9,imdelacruz03,2026-04-17,16:23:47,-07:00,2026-04-17T16:23:47-07:00,2,52
global.js,35,js,6f6eeee9,imdelacruz03,2026-04-17,16:23:47,-07:00,2026-04-17T16:23:47-07:00,0,0
global.js,36,js,6f6eeee9,imdelacruz03,2026-04-17,16:23:47,-07:00,2026-04-17T16:23:47-07:00,2,34
global.js,37,js,6f6eeee9,imdelacruz03,2026-04-17,16:23:47,-07:00,2026-04-17T16:23:47-07:00,2,11
global.js,38,js,6f6eeee9,imdelacruz03,2026-04-17,16:23:47,-07:00,2026-04-17T16:23:47-07:00,2,20
global.js,39,js,6f6eeee9,imdelacruz03,2026-04-17,16:23:47,-07:00,2026-04-17T16:23:47-07:00,0,0
global.js,40,js,6f6eeee9,imdelacruz03,2026-04-17,16:23:47,-07:00,2026-04-17T16:23:47-07:00,2,23
global.js,41,js,6f6eeee9,imdelacruz03,2026-04-17,16:23:47,-07:00,2026-04-17T16:23:47-07:00,2,90
global.js,42,js,6f6eeee9,imdelacruz03,2026-04-17,16:23:47,-07:00,2026-04-17T16:23:47-07:00,0,0
global.js,43,js,6f6eeee9,imdelacruz03,2026-04-17,16:23:47,-07:00,2026-04-17T16:23:47-07:00,2,33
global.js,44,js,6f6eeee9,imdelacruz03,2026-04-17,16:23:47,-07:00,2026-04-17T16:23:47-07:00,2,29
global.js,45,js,6f6eeee9,imdelacruz03,2026-04-17,16:23:47,-07:00,2026-04-17T16:23:47-07:00,4,18
global.js,46,js,6f6eeee9,imdelacruz03,2026-04-17,16:23:47,-07:00,2026-04-17T16:23:47-07:00,2,0
global.js,47,js,6f6eeee9,imdelacruz03,2026-04-17,16:23:47,-07:00,2026-04-17T16:23:47-07:00,0,0
global.js,48,js,6f6eeee9,imdelacruz03,2026-04-17,16:23:47,-07:00,2026-04-17T16:23:47-07:00,2,12
global.js,49,js,e613a70d,imdelacruz03,2026-04-17,16:01:45,-07:00,2026-04-17T16:01:45-07:00,0,0
global.js,50,js,e613a70d,imdelacruz03,2026-04-17,16:01:45,-07:00,2026-04-17T16:01:45-07:00,0,0
global.js,51,js,3eaeef44,imdelacruz03,2026-04-17,17:15:26,-07:00,2026-04-17T17:15:26-07:00,0,31
global.js,52,js,3eaeef44,imdelacruz03,2026-04-17,17:15:26,-07:00,2026-04-17T17:15:26-07:00,0,46
global.js,53,js,3eaeef44,imdelacruz03,2026-04-17,17:15:26,-07:00,2026-04-17T17:15:26-07:00,2,26
global.js,54,js,3eaeef44,imdelacruz03,2026-04-17,17:15:26,-07:00,2026-04-17T17:15:26-07:00,4,4
global.js,55,js,3eaeef44,imdelacruz03,2026-04-17,17:15:26,-07:00,2026-04-17T17:15:26-07:00,4,6
global.js,56,js,3eaeef44,imdelacruz03,2026-04-17,17:15:26,-07:00,2026-04-17T17:15:26-07:00,6,43
global.js,57,js,3eaeef44,imdelacruz03,2026-04-17,17:15:26,-07:00,2026-04-17T17:15:26-07:00,6,34
global.js,58,js,3eaeef44,imdelacruz03,2026-04-17,17:15:26,-07:00,2026-04-17T17:15:26-07:00,6,32
global.js,59,js,3eaeef44,imdelacruz03,2026-04-17,17:15:26,-07:00,2026-04-17T17:15:26-07:00,4,7
global.js,60,js,3eaeef44,imdelacruz03,2026-04-17,17:15:26,-07:00,2026-04-17T17:15:26-07:00,2,6
global.js,61,js,3eaeef44,imdelacruz03,2026-04-17,17:15:26,-07:00,2026-04-17T17:15:26-07:00,0,1
global.js,62,js,3eaeef44,imdelacruz03,2026-04-17,17:15:26,-07:00,2026-04-17T17:15:26-07:00,0,0
global.js,63,js,3eaeef44,imdelacruz03,2026-04-17,17:15:26,-07:00,2026-04-17T17:15:26-07:00,0,24
global.js,64,js,3eaeef44,imdelacruz03,2026-04-17,17:15:26,-07:00,2026-04-17T17:15:26-07:00,0,60
global.js,65,js,3eaeef44,imdelacruz03,2026-04-17,17:15:26,-07:00,2026-04-17T17:15:26-07:00,0,0
global.js,66,js,3eaeef44,imdelacruz03,2026-04-17,17:15:26,-07:00,2026-04-17T17:15:26-07:00,0,48
global.js,67,js,3eaeef44,imdelacruz03,2026-04-17,17:15:26,-07:00,2026-04-17T17:15:26-07:00,2,77
global.js,68,js,3eaeef44,imdelacruz03,2026-04-17,17:15:26,-07:00,2026-04-17T17:15:26-07:00,2,75
global.js,69,js,3eaeef44,imdelacruz03,2026-04-17,17:15:26,-07:00,2026-04-17T17:15:26-07:00,0,1
global.js,70,js,3eaeef44,imdelacruz03,2026-04-17,17:15:26,-07:00,2026-04-17T17:15:26-07:00,0,0
global.js,71,js,3eaeef44,imdelacruz03,2026-04-17,17:15:26,-07:00,2026-04-17T17:15:26-07:00,0,46
global.js,72,js,3eaeef44,imdelacruz03,2026-04-17,17:15:26,-07:00,2026-04-17T17:15:26-07:00,0,34
global.js,73,js,3eaeef44,imdelacruz03,2026-04-17,17:15:26,-07:00,2026-04-17T17:15:26-07:00,2,83
global.js,74,js,3eaeef44,imdelacruz03,2026-04-17,17:15:26,-07:00,2026-04-17T17:15:26-07:00,2,38
global.js,75,js,3eaeef44,imdelacruz03,2026-04-17,17:15:26,-07:00,2026-04-17T17:15:26-07:00,0,0
global.js,76,js,6f6eeee9,imdelacruz03,2026-04-17,16:23:47,-07:00,2026-04-17T16:23:47-07:00,0,0
global.js,77,js,e613a70d,imdelacruz03,2026-04-17,16:01:45,-07:00,2026-04-17T16:01:45-07:00,0,59
global.js,78,js,e613a70d,imdelacruz03,2026-04-17,16:01:45,-07:00,2026-04-17T16:01:45-07:00,0,48
global.js,79,js,e613a70d,imdelacruz03,2026-04-17,16:01:45,-07:00,2026-04-17T16:01:45-07:00,0,29
global.js,80,js,e613a70d,imdelacruz03,2026-04-17,16:01:45,-07:00,2026-04-17T16:01:45-07:00,0,0
global.js,81,js,e613a70d,imdelacruz03,2026-04-17,16:01:45,-07:00,2026-04-17T16:01:45-07:00,0,0
global.js,82,js,e613a70d,imdelacruz03,2026-04-17,16:01:45,-07:00,2026-04-17T16:01:45-07:00,0,49
global.js,83,js,e613a70d,imdelacruz03,2026-04-17,16:01:45,-07:00,2026-04-17T16:01:45-07:00,0,47
global.js,84,js,e613a70d,imdelacruz03,2026-04-17,16:01:45,-07:00,2026-04-17T16:01:45-07:00,0,32
global.js,85,js,e613a70d,imdelacruz03,2026-04-17,16:01:45,-07:00,2026-04-17T16:01:45-07:00,0,70
global.js,86,js,e613a70d,imdelacruz03,2026-04-17,16:01:45,-07:00,2026-04-17T16:01:45-07:00,0,2
global.js,87,js,e613a70d,imdelacruz03,2026-04-17,16:01:45,-07:00,2026-04-17T16:01:45-07:00,0,0
global.js,88,js,e613a70d,imdelacruz03,2026-04-17,16:01:45,-07:00,2026-04-17T16:01:45-07:00,0,64
global.js,89,js,e613a70d,imdelacruz03,2026-04-17,16:01:45,-07:00,2026-04-17T16:01:45-07:00,0,68
global.js,90,js,e613a70d,imdelacruz03,2026-04-17,16:01:45,-07:00,2026-04-17T16:01:45-07:00,0,36
global.js,91,js,4c2e3a20,imdelacruz03,2026-04-17,16:33:22,-07:00,2026-04-17T16:33:22-07:00,0,38
global.js,92,js,e613a70d,imdelacruz03,2026-04-17,16:01:45,-07:00,2026-04-17T16:01:45-07:00,0,0
global.js,93,js,d1b55887,imdelacruz03,2026-04-25,18:01:43,-07:00,2026-04-25T18:01:43-07:00,0,59
global.js,94,js,d1b55887,imdelacruz03,2026-04-25,18:01:43,-07:00,2026-04-25T18:01:43-07:00,0,0
global.js,95,js,d1b55887,imdelacruz03,2026-04-25,18:01:43,-07:00,2026-04-25T18:01:43-07:00,0,36
global.js,96,js,d1b55887,imdelacruz03,2026-04-25,18:01:43,-07:00,2026-04-25T18:01:43-07:00,1,3
global.js,97,js,d1b55887,imdelacruz03,2026-04-25,18:01:43,-07:00,2026-04-25T18:01:43-07:00,2,32
global.js,98,js,d1b55887,imdelacruz03,2026-04-25,18:01:43,-07:00,2026-04-25T18:01:43-07:00,2,17
global.js,99,js,d1b55887,imdelacruz03,2026-04-25,18:01:43,-07:00,2026-04-25T18:01:43-07:00,3,66
global.js,100,js,d1b55887,imdelacruz03,2026-04-25,18:01:43,-07:00,2026-04-25T18:01:43-07:00,2,0
global.js,101,js,d1b55887,imdelacruz03,2026-04-25,18:01:43,-07:00,2026-04-25T18:01:43-07:00,2,33
global.js,102,js,d1b55887,imdelacruz03,2026-04-25,18:01:43,-07:00,2026-04-25T18:01:43-07:00,2,10
global.js,103,js,d1b55887,imdelacruz03,2026-04-25,18:01:43,-07:00,2026-04-25T18:01:43-07:00,1,15
global.js,104,js,d1b55887,imdelacruz03,2026-04-25,18:01:43,-07:00,2026-04-25T18:01:43-07:00,2,59
global.js,105,js,d1b55887,imdelacruz03,2026-04-25,18:01:43,-07:00,2026-04-25T18:01:43-07:00,1,0
global.js,106,js,d1b55887,imdelacruz03,2026-04-25,18:01:43,-07:00,2026-04-25T18:01:43-07:00,0,0
global.js,107,js,d1b55887,imdelacruz03,2026-04-25,18:01:43,-07:00,2026-04-25T18:01:43-07:00,0,0
global.js,108,js,d1b55887,imdelacruz03,2026-04-25,18:01:43,-07:00,2026-04-25T18:01:43-07:00,0,79
global.js,109,js,d1b55887,imdelacruz03,2026-04-25,18:01:43,-07:00,2026-04-25T18:01:43-07:00,1,30
global.js,110,js,d1b55887,imdelacruz03,2026-04-25,18:01:43,-07:00,2026-04-25T18:01:43-07:00,1,31
global.js,111,js,d1b55887,imdelacruz03,2026-04-25,18:01:43,-07:00,2026-04-25T18:01:43-07:00,2,48
global.js,112,js,d1b55887,imdelacruz03,2026-04-25,18:01:43,-07:00,2026-04-25T18:01:43-07:00,2,19
global.js,113,js,d1b55887,imdelacruz03,2026-04-25,18:01:43,-07:00,2026-04-25T18:01:43-07:00,3,49
global.js,114,js,d1b55887,imdelacruz03,2026-04-25,18:01:43,-07:00,2026-04-25T18:01:43-07:00,3,49
global.js,115,js,c49a1a07,imdelacruz03,2026-04-29,14:54:11,-07:00,2026-04-29T14:54:11-07:00,3,3
global.js,116,js,c49a1a07,imdelacruz03,2026-04-29,14:54:11,-07:00,2026-04-29T14:54:11-07:00,4,27
global.js,117,js,c49a1a07,imdelacruz03,2026-04-29,14:54:11,-07:00,2026-04-29T14:54:11-07:00,4,20
global.js,118,js,c49a1a07,imdelacruz03,2026-04-29,14:54:11,-07:00,2026-04-29T14:54:11-07:00,3,4
global.js,119,js,d1b55887,imdelacruz03,2026-04-25,18:01:43,-07:00,2026-04-25T18:01:43-07:00,2,0
global.js,120,js,d1b55887,imdelacruz03,2026-04-25,18:01:43,-07:00,2026-04-25T18:01:43-07:00,2,36
global.js,121,js,d1b55887,imdelacruz03,2026-04-25,18:01:43,-07:00,2026-04-25T18:01:43-07:00,1,0
global.js,122,js,d1b55887,imdelacruz03,2026-04-25,18:01:43,-07:00,2026-04-25T18:01:43-07:00,0,0
global.js,123,js,d1b55887,imdelacruz03,2026-04-25,18:01:43,-07:00,2026-04-25T18:01:43-07:00,0,0
global.js,124,js,d1b55887,imdelacruz03,2026-04-25,18:01:43,-07:00,2026-04-25T18:01:43-07:00,0,47
global.js,125,js,d1b55887,imdelacruz03,2026-04-25,18:01:43,-07:00,2026-04-25T18:01:43-07:00,1,59
global.js,126,js,d1b55887,imdelacruz03,2026-04-25,18:01:43,-07:00,2026-04-25T18:01:43-07:00,0,0
projects/project.js,1,js,d1b55887,imdelacruz03,2026-04-25,18:01:43,-07:00,2026-04-25T18:01:43-07:00,0,55
projects/project.js,2,js,18b6d580,imdelacruz03,2026-04-30,15:14:01,-07:00,2026-04-30T15:14:01-07:00,0,63
projects/project.js,3,js,18b6d580,imdelacruz03,2026-04-30,15:14:01,-07:00,2026-04-30T15:14:01-07:00,0,0
projects/project.js,4,js,d1b55887,imdelacruz03,2026-04-25,18:01:43,-07:00,2026-04-25T18:01:43-07:00,0,55
projects/project.js,5,js,d1b55887,imdelacruz03,2026-04-25,18:01:43,-07:00,2026-04-25T18:01:43-07:00,0,60
projects/project.js,6,js,d1b55887,imdelacruz03,2026-04-25,18:01:43,-07:00,2026-04-25T18:01:43-07:00,0,48
projects/project.js,7,js,d1b55887,imdelacruz03,2026-04-25,18:01:43,-07:00,2026-04-25T18:01:43-07:00,0,0
projects/project.js,8,js,18b6d580,imdelacruz03,2026-04-30,15:14:01,-07:00,2026-04-30T15:14:01-07:00,0,13
projects/project.js,9,js,18b6d580,imdelacruz03,2026-04-30,15:14:01,-07:00,2026-04-30T15:14:01-07:00,0,21
projects/project.js,10,js,18b6d580,imdelacruz03,2026-04-30,15:14:01,-07:00,2026-04-30T15:14:01-07:00,0,53
projects/project.js,11,js,18b6d580,imdelacruz03,2026-04-30,15:14:01,-07:00,2026-04-30T15:14:01-07:00,0,19
projects/project.js,12,js,18b6d580,imdelacruz03,2026-04-30,15:14:01,-07:00,2026-04-30T15:14:01-07:00,0,0
projects/project.js,13,js,18b6d580,imdelacruz03,2026-04-30,15:14:01,-07:00,2026-04-30T15:14:01-07:00,0,0
projects/project.js,14,js,18b6d580,imdelacruz03,2026-04-30,15:14:01,-07:00,2026-04-30T15:14:01-07:00,0,38
projects/project.js,15,js,18b6d580,imdelacruz03,2026-04-30,15:14:01,-07:00,2026-04-30T15:14:01-07:00,1,62
projects/project.js,16,js,18b6d580,imdelacruz03,2026-04-30,15:14:01,-07:00,2026-04-30T15:14:01-07:00,1,44
projects/project.js,17,js,18b6d580,imdelacruz03,2026-04-30,15:14:01,-07:00,2026-04-30T15:14:01-07:00,0,0
projects/project.js,18,js,18b6d580,imdelacruz03,2026-04-30,15:14:01,-07:00,2026-04-30T15:14:01-07:00,1,29
projects/project.js,19,js,18b6d580,imdelacruz03,2026-04-30,15:14:01,-07:00,2026-04-30T15:14:01-07:00,2,12
projects/project.js,20,js,18b6d580,imdelacruz03,2026-04-30,15:14:01,-07:00,2026-04-30T15:14:01-07:00,2,14
projects/project.js,21,js,18b6d580,imdelacruz03,2026-04-30,15:14:01,-07:00,2026-04-30T15:14:01-07:00,2,11
projects/project.js,22,js,18b6d580,imdelacruz03,2026-04-30,15:14:01,-07:00,2026-04-30T15:14:01-07:00,1,0
projects/project.js,23,js,18b6d580,imdelacruz03,2026-04-30,15:14:01,-07:00,2026-04-30T15:14:01-07:00,0,0
projects/project.js,24,js,18b6d580,imdelacruz03,2026-04-30,15:14:01,-07:00,2026-04-30T15:14:01-07:00,1,50
projects/project.js,25,js,18b6d580,imdelacruz03,2026-04-30,15:14:01,-07:00,2026-04-30T15:14:01-07:00,2,35
projects/project.js,26,js,18b6d580,imdelacruz03,2026-04-30,15:14:01,-07:00,2026-04-30T15:14:01-07:00,1,1
projects/project.js,27,js,18b6d580,imdelacruz03,2026-04-30,15:14:01,-07:00,2026-04-30T15:14:01-07:00,0,0
projects/project.js,28,js,18b6d580,imdelacruz03,2026-04-30,15:14:01,-07:00,2026-04-30T15:14:01-07:00,1,20
projects/project.js,29,js,18b6d580,imdelacruz03,2026-04-30,15:14:01,-07:00,2026-04-30T15:14:01-07:00,0,0
projects/project.js,30,js,18b6d580,imdelacruz03,2026-04-30,15:14:01,-07:00,2026-04-30T15:14:01-07:00,1,47
projects/project.js,31,js,18b6d580,imdelacruz03,2026-04-30,15:14:01,-07:00,2026-04-30T15:14:01-07:00,1,57
projects/project.js,32,js,18b6d580,imdelacruz03,2026-04-30,15:14:01,-07:00,2026-04-30T15:14:01-07:00,1,53
projects/project.js,33,js,18b6d580,imdelacruz03,2026-04-30,15:14:01,-07:00,2026-04-30T15:14:01-07:00,1,42
projects/project.js,34,js,18b6d580,imdelacruz03,2026-04-30,15:14:01,-07:00,2026-04-30T15:14:01-07:00,1,51
projects/project.js,35,js,18b6d580,imdelacruz03,2026-04-30,15:14:01,-07:00,2026-04-30T15:14:01-07:00,0,0
projects/project.js,36,js,18b6d580,imdelacruz03,2026-04-30,15:14:01,-07:00,2026-04-30T15:14:01-07:00,1,45
projects/project.js,37,js,18b6d580,imdelacruz03,2026-04-30,15:14:01,-07:00,2026-04-30T15:14:01-07:00,1,32
projects/project.js,38,js,c49a1a07,imdelacruz03,2026-04-29,14:54:11,-07:00,2026-04-29T14:54:11-07:00,0,0
projects/project.js,39,js,18b6d580,imdelacruz03,2026-04-30,15:14:01,-07:00,2026-04-30T15:14:01-07:00,1,29
projects/project.js,40,js,18b6d580,imdelacruz03,2026-04-30,15:14:01,-07:00,2026-04-30T15:14:01-07:00,2,16
projects/project.js,41,js,18b6d580,imdelacruz03,2026-04-30,15:14:01,-07:00,2026-04-30T15:14:01-07:00,3,13
projects/project.js,42,js,18b6d580,imdelacruz03,2026-04-30,15:14:01,-07:00,2026-04-30T15:14:01-07:00,3,24
projects/project.js,43,js,18b6d580,imdelacruz03,2026-04-30,15:14:01,-07:00,2026-04-30T15:14:01-07:00,3,18
projects/project.js,44,js,18b6d580,imdelacruz03,2026-04-30,15:14:01,-07:00,2026-04-30T15:14:01-07:00,4,47
projects/project.js,45,js,18b6d580,imdelacruz03,2026-04-30,15:14:01,-07:00,2026-04-30T15:14:01-07:00,0,0
projects/project.js,46,js,18b6d580,imdelacruz03,2026-04-30,15:14:01,-07:00,2026-04-30T15:14:01-07:00,4,19
projects/project.js,47,js,18b6d580,imdelacruz03,2026-04-30,15:14:01,-07:00,2026-04-30T15:14:01-07:00,5,62
projects/project.js,48,js,18b6d580,imdelacruz03,2026-04-30,15:14:01,-07:00,2026-04-30T15:14:01-07:00,0,0
projects/project.js,49,js,18b6d580,imdelacruz03,2026-04-30,15:14:01,-07:00,2026-04-30T15:14:01-07:00,4,20
projects/project.js,50,js,18b6d580,imdelacruz03,2026-04-30,15:14:01,-07:00,2026-04-30T15:14:01-07:00,5,85
projects/project.js,51,js,18b6d580,imdelacruz03,2026-04-30,15:14:01,-07:00,2026-04-30T15:14:01-07:00,0,0
projects/project.js,52,js,18b6d580,imdelacruz03,2026-04-30,15:14:01,-07:00,2026-04-30T15:14:01-07:00,4,25
projects/project.js,53,js,18b6d580,imdelacruz03,2026-04-30,15:14:01,-07:00,2026-04-30T15:14:01-07:00,6,53
projects/project.js,54,js,18b6d580,imdelacruz03,2026-04-30,15:14:01,-07:00,2026-04-30T15:14:01-07:00,5,6
projects/project.js,55,js,18b6d580,imdelacruz03,2026-04-30,15:14:01,-07:00,2026-04-30T15:14:01-07:00,6,46
projects/project.js,56,js,18b6d580,imdelacruz03,2026-04-30,15:14:01,-07:00,2026-04-30T15:14:01-07:00,6,42
projects/project.js,57,js,18b6d580,imdelacruz03,2026-04-30,15:14:01,-07:00,2026-04-30T15:14:01-07:00,7,53
projects/project.js,58,js,18b6d580,imdelacruz03,2026-04-30,15:14:01,-07:00,2026-04-30T15:14:01-07:00,7,69
projects/project.js,59,js,18b6d580,imdelacruz03,2026-04-30,15:14:01,-07:00,2026-04-30T15:14:01-07:00,6,1
projects/project.js,60,js,18b6d580,imdelacruz03,2026-04-30,15:14:01,-07:00,2026-04-30T15:14:01-07:00,6,48
projects/project.js,61,js,18b6d580,imdelacruz03,2026-04-30,15:14:01,-07:00,2026-04-30T15:14:01-07:00,5,0
projects/project.js,62,js,18b6d580,imdelacruz03,2026-04-30,15:14:01,-07:00,2026-04-30T15:14:01-07:00,3,1
projects/project.js,63,js,18b6d580,imdelacruz03,2026-04-30,15:14:01,-07:00,2026-04-30T15:14:01-07:00,1,1
projects/project.js,64,js,18b6d580,imdelacruz03,2026-04-30,15:14:01,-07:00,2026-04-30T15:14:01-07:00,0,0
projects/project.js,65,js,18b6d580,imdelacruz03,2026-04-30,15:14:01,-07:00,2026-04-30T15:14:01-07:00,1,27
projects/project.js,66,js,c49a1a07,imdelacruz03,2026-04-29,14:54:11,-07:00,2026-04-29T14:54:11-07:00,2,17
projects/project.js,67,js,18b6d580,imdelacruz03,2026-04-30,15:14:01,-07:00,2026-04-30T15:14:01-07:00,3,38
projects/project.js,68,js,18b6d580,imdelacruz03,2026-04-30,15:14:01,-07:00,2026-04-30T15:14:01-07:00,3,27
projects/project.js,69,js,18b6d580,imdelacruz03,2026-04-30,15:14:01,-07:00,2026-04-30T15:14:01-07:00,3,60
projects/project.js,70,js,18b6d580,imdelacruz03,2026-04-30,15:14:01,-07:00,2026-04-30T15:14:01-07:00,1,1
projects/project.js,71,js,18b6d580,imdelacruz03,2026-04-30,15:14:01,-07:00,2026-04-30T15:14:01-07:00,0,0
projects/project.js,72,js,18b6d580,imdelacruz03,2026-04-30,15:14:01,-07:00,2026-04-30T15:14:01-07:00,0,0
projects/project.js,73,js,18b6d580,imdelacruz03,2026-04-30,15:14:01,-07:00,2026-04-30T15:14:01-07:00,0,0
projects/project.js,74,js,18b6d580,imdelacruz03,2026-04-30,15:14:01,-07:00,2026-04-30T15:14:01-07:00,0,23
projects/project.js,75,js,18b6d580,imdelacruz03,2026-04-30,15:14:01,-07:00,2026-04-30T15:14:01-07:00,0,0
projects/project.js,76,js,18b6d580,imdelacruz03,2026-04-30,15:14:01,-07:00,2026-04-30T15:14:01-07:00,0,16
projects/project.js,77,js,18b6d580,imdelacruz03,2026-04-30,15:14:01,-07:00,2026-04-30T15:14:01-07:00,1,48
projects/project.js,78,js,18b6d580,imdelacruz03,2026-04-30,15:14:01,-07:00,2026-04-30T15:14:01-07:00,2,25
projects/project.js,79,js,18b6d580,imdelacruz03,2026-04-30,15:14:01,-07:00,2026-04-30T15:14:01-07:00,0,0
projects/project.js,80,js,18b6d580,imdelacruz03,2026-04-30,15:14:01,-07:00,2026-04-30T15:14:01-07:00,2,51
projects/project.js,81,js,18b6d580,imdelacruz03,2026-04-30,15:14:01,-07:00,2026-04-30T15:14:01-07:00,3,59
projects/project.js,82,js,dbbb9ec3,imdelacruz03,2026-04-30,15:55:52,-07:00,2026-04-30T15:55:52-07:00,3,55
projects/project.js,83,js,dbbb9ec3,imdelacruz03,2026-04-30,15:55:52,-07:00,2026-04-30T15:55:52-07:00,3,91
projects/project.js,84,js,dbbb9ec3,imdelacruz03,2026-04-30,15:55:52,-07:00,2026-04-30T15:55:52-07:00,3,34
projects/project.js,85,js,18b6d580,imdelacruz03,2026-04-30,15:14:01,-07:00,2026-04-30T15:14:01-07:00,2,1
projects/project.js,86,js,18b6d580,imdelacruz03,2026-04-30,15:14:01,-07:00,2026-04-30T15:14:01-07:00,0,0
projects/project.js,87,js,18b6d580,imdelacruz03,2026-04-30,15:14:01,-07:00,2026-04-30T15:14:01-07:00,2,56
projects/project.js,88,js,44c5b56c,imdelacruz03,2026-04-30,16:00:50,-07:00,2026-04-30T16:00:50-07:00,2,23
projects/project.js,89,js,567138b0,imdelacruz03,2026-04-30,16:04:38,-07:00,2026-04-30T16:04:38-07:00,0,0
projects/project.js,90,js,567138b0,imdelacruz03,2026-04-30,16:04:38,-07:00,2026-04-30T16:04:38-07:00,2,52
projects/project.js,91,js,567138b0,imdelacruz03,2026-04-30,16:04:38,-07:00,2026-04-30T16:04:38-07:00,3,62
projects/project.js,92,js,567138b0,imdelacruz03,2026-04-30,16:04:38,-07:00,2026-04-30T16:04:38-07:00,2,34
projects/project.js,93,js,567138b0,imdelacruz03,2026-04-30,16:04:38,-07:00,2026-04-30T16:04:38-07:00,3,85
projects/project.js,94,js,18b6d580,imdelacruz03,2026-04-30,15:14:01,-07:00,2026-04-30T15:14:01-07:00,1,1
projects/project.js,95,js,18b6d580,imdelacruz03,2026-04-30,15:14:01,-07:00,2026-04-30T15:14:01-07:00,0,0
projects/project.js,96,js,18b6d580,imdelacruz03,2026-04-30,15:14:01,-07:00,2026-04-30T15:14:01-07:00,0,0
projects/index.html,1,html,67d4a05a,imdelacruz03,2026-04-04,14:55:42,-07:00,2026-04-04T14:55:42-07:00,0,13
projects/index.html,2,html,67d4a05a,imdelacruz03,2026-04-04,14:55:42,-07:00,2026-04-04T14:55:42-07:00,0,14
projects/index.html,3,html,67d4a05a,imdelacruz03,2026-04-04,14:55:42,-07:00,2026-04-04T14:55:42-07:00,0,4
projects/index.html,4,html,67d4a05a,imdelacruz03,2026-04-04,14:55:42,-07:00,2026-04-04T14:55:42-07:00,2,20
projects/index.html,5,html,67d4a05a,imdelacruz03,2026-04-04,14:55:42,-07:00,2026-04-04T14:55:42-07:00,2,68
projects/index.html,6,html,67d4a05a,imdelacruz03,2026-04-04,14:55:42,-07:00,2026-04-04T14:55:42-07:00,2,42
projects/index.html,7,html,67d4a05a,imdelacruz03,2026-04-04,14:55:42,-07:00,2026-04-04T14:55:42-07:00,2,41
projects/index.html,8,html,67d4a05a,imdelacruz03,2026-04-04,14:55:42,-07:00,2026-04-04T14:55:42-07:00,0,5
projects/index.html,9,html,67d4a05a,imdelacruz03,2026-04-04,14:55:42,-07:00,2026-04-04T14:55:42-07:00,0,4
projects/index.html,10,html,04004c7d,imdelacruz03,2026-04-25,17:31:44,-07:00,2026-04-25T17:31:44-07:00,2,4
projects/index.html,11,html,c49a1a07,imdelacruz03,2026-04-29,14:54:11,-07:00,2026-04-29T14:54:11-07:00,4,27
projects/index.html,12,html,c49a1a07,imdelacruz03,2026-04-29,14:54:11,-07:00,2026-04-29T14:54:11-07:00,6,35
projects/index.html,13,html,c49a1a07,imdelacruz03,2026-04-29,14:54:11,-07:00,2026-04-29T14:54:11-07:00,6,22
projects/index.html,14,html,c49a1a07,imdelacruz03,2026-04-29,14:54:11,-07:00,2026-04-29T14:54:11-07:00,4,4
projects/index.html,15,html,18b6d580,imdelacruz03,2026-04-30,15:14:01,-07:00,2026-04-30T15:14:01-07:00,4,102
projects/index.html,16,html,04004c7d,imdelacruz03,2026-04-25,17:31:44,-07:00,2026-04-25T17:31:44-07:00,4,37
projects/index.html,17,html,04004c7d,imdelacruz03,2026-04-25,17:31:44,-07:00,2026-04-25T17:31:44-07:00,6,7
projects/index.html,18,html,c49a1a07,imdelacruz03,2026-04-29,14:54:11,-07:00,2026-04-29T14:54:11-07:00,8,16
projects/index.html,19,html,04004c7d,imdelacruz03,2026-04-25,17:31:44,-07:00,2026-04-25T17:31:44-07:00,8,70
projects/index.html,20,html,04004c7d,imdelacruz03,2026-04-25,17:31:44,-07:00,2026-04-25T17:31:44-07:00,8,227
projects/index.html,21,html,04004c7d,imdelacruz03,2026-04-25,17:31:44,-07:00,2026-04-25T17:31:44-07:00,6,8
projects/index.html,22,html,04004c7d,imdelacruz03,2026-04-25,17:31:44,-07:00,2026-04-25T17:31:44-07:00,6,7
projects/index.html,23,html,c49a1a07,imdelacruz03,2026-04-29,14:54:11,-07:00,2026-04-29T14:54:11-07:00,8,16
projects/index.html,24,html,04004c7d,imdelacruz03,2026-04-25,17:31:44,-07:00,2026-04-25T17:31:44-07:00,8,70
projects/index.html,25,html,04004c7d,imdelacruz03,2026-04-25,17:31:44,-07:00,2026-04-25T17:31:44-07:00,8,223
projects/index.html,26,html,04004c7d,imdelacruz03,2026-04-25,17:31:44,-07:00,2026-04-25T17:31:44-07:00,6,8
projects/index.html,27,html,04004c7d,imdelacruz03,2026-04-25,17:31:44,-07:00,2026-04-25T17:31:44-07:00,6,7
projects/index.html,28,html,c49a1a07,imdelacruz03,2026-04-29,14:54:11,-07:00,2026-04-29T14:54:11-07:00,8,16
projects/index.html,29,html,04004c7d,imdelacruz03,2026-04-25,17:31:44,-07:00,2026-04-25T17:31:44-07:00,8,70
projects/index.html,30,html,04004c7d,imdelacruz03,2026-04-25,17:31:44,-07:00,2026-04-25T17:31:44-07:00,8,245
projects/index.html,31,html,04004c7d,imdelacruz03,2026-04-25,17:31:44,-07:00,2026-04-25T17:31:44-07:00,6,8
projects/index.html,32,html,04004c7d,imdelacruz03,2026-04-25,17:31:44,-07:00,2026-04-25T17:31:44-07:00,6,7
projects/index.html,33,html,c49a1a07,imdelacruz03,2026-04-29,14:54:11,-07:00,2026-04-29T14:54:11-07:00,8,16
projects/index.html,34,html,04004c7d,imdelacruz03,2026-04-25,17:31:44,-07:00,2026-04-25T17:31:44-07:00,8,70
projects/index.html,35,html,04004c7d,imdelacruz03,2026-04-25,17:31:44,-07:00,2026-04-25T17:31:44-07:00,8,230
projects/index.html,36,html,04004c7d,imdelacruz03,2026-04-25,17:31:44,-07:00,2026-04-25T17:31:44-07:00,6,8
projects/index.html,37,html,04004c7d,imdelacruz03,2026-04-25,17:31:44,-07:00,2026-04-25T17:31:44-07:00,6,7
projects/index.html,38,html,c49a1a07,imdelacruz03,2026-04-29,14:54:11,-07:00,2026-04-29T14:54:11-07:00,8,16
projects/index.html,39,html,04004c7d,imdelacruz03,2026-04-25,17:31:44,-07:00,2026-04-25T17:31:44-07:00,8,70
projects/index.html,40,html,04004c7d,imdelacruz03,2026-04-25,17:31:44,-07:00,2026-04-25T17:31:44-07:00,8,214
projects/index.html,41,html,04004c7d,imdelacruz03,2026-04-25,17:31:44,-07:00,2026-04-25T17:31:44-07:00,6,8
projects/index.html,42,html,04004c7d,imdelacruz03,2026-04-25,17:31:44,-07:00,2026-04-25T17:31:44-07:00,6,7
projects/index.html,43,html,c49a1a07,imdelacruz03,2026-04-29,14:54:11,-07:00,2026-04-29T14:54:11-07:00,8,16
projects/index.html,44,html,04004c7d,imdelacruz03,2026-04-25,17:31:44,-07:00,2026-04-25T17:31:44-07:00,8,70
projects/index.html,45,html,04004c7d,imdelacruz03,2026-04-25,17:31:44,-07:00,2026-04-25T17:31:44-07:00,8,226
projects/index.html,46,html,04004c7d,imdelacruz03,2026-04-25,17:31:44,-07:00,2026-04-25T17:31:44-07:00,6,8
projects/index.html,47,html,04004c7d,imdelacruz03,2026-04-25,17:31:44,-07:00,2026-04-25T17:31:44-07:00,6,7
projects/index.html,48,html,c49a1a07,imdelacruz03,2026-04-29,14:54:11,-07:00,2026-04-29T14:54:11-07:00,8,16
projects/index.html,49,html,04004c7d,imdelacruz03,2026-04-25,17:31:44,-07:00,2026-04-25T17:31:44-07:00,8,70
projects/index.html,50,html,04004c7d,imdelacruz03,2026-04-25,17:31:44,-07:00,2026-04-25T17:31:44-07:00,8,240
projects/index.html,51,html,04004c7d,imdelacruz03,2026-04-25,17:31:44,-07:00,2026-04-25T17:31:44-07:00,6,8
projects/index.html,52,html,04004c7d,imdelacruz03,2026-04-25,17:31:44,-07:00,2026-04-25T17:31:44-07:00,6,7
projects/index.html,53,html,c49a1a07,imdelacruz03,2026-04-29,14:54:11,-07:00,2026-04-29T14:54:11-07:00,8,16
projects/index.html,54,html,04004c7d,imdelacruz03,2026-04-25,17:31:44,-07:00,2026-04-25T17:31:44-07:00,8,70
projects/index.html,55,html,04004c7d,imdelacruz03,2026-04-25,17:31:44,-07:00,2026-04-25T17:31:44-07:00,8,265
projects/index.html,56,html,04004c7d,imdelacruz03,2026-04-25,17:31:44,-07:00,2026-04-25T17:31:44-07:00,6,8
projects/index.html,57,html,04004c7d,imdelacruz03,2026-04-25,17:31:44,-07:00,2026-04-25T17:31:44-07:00,6,7
projects/index.html,58,html,c49a1a07,imdelacruz03,2026-04-29,14:54:11,-07:00,2026-04-29T14:54:11-07:00,8,16
projects/index.html,59,html,04004c7d,imdelacruz03,2026-04-25,17:31:44,-07:00,2026-04-25T17:31:44-07:00,8,70
projects/index.html,60,html,04004c7d,imdelacruz03,2026-04-25,17:31:44,-07:00,2026-04-25T17:31:44-07:00,8,240
projects/index.html,61,html,04004c7d,imdelacruz03,2026-04-25,17:31:44,-07:00,2026-04-25T17:31:44-07:00,6,8
projects/index.html,62,html,04004c7d,imdelacruz03,2026-04-25,17:31:44,-07:00,2026-04-25T17:31:44-07:00,6,7
projects/index.html,63,html,c49a1a07,imdelacruz03,2026-04-29,14:54:11,-07:00,2026-04-29T14:54:11-07:00,8,17
projects/index.html,64,html,04004c7d,imdelacruz03,2026-04-25,17:31:44,-07:00,2026-04-25T17:31:44-07:00,8,70
projects/index.html,65,html,04004c7d,imdelacruz03,2026-04-25,17:31:44,-07:00,2026-04-25T17:31:44-07:00,8,226
projects/index.html,66,html,04004c7d,imdelacruz03,2026-04-25,17:31:44,-07:00,2026-04-25T17:31:44-07:00,6,8
projects/index.html,67,html,04004c7d,imdelacruz03,2026-04-25,17:31:44,-07:00,2026-04-25T17:31:44-07:00,6,7
projects/index.html,68,html,c49a1a07,imdelacruz03,2026-04-29,14:54:11,-07:00,2026-04-29T14:54:11-07:00,8,17
projects/index.html,69,html,04004c7d,imdelacruz03,2026-04-25,17:31:44,-07:00,2026-04-25T17:31:44-07:00,8,70
projects/index.html,70,html,04004c7d,imdelacruz03,2026-04-25,17:31:44,-07:00,2026-04-25T17:31:44-07:00,8,214
projects/index.html,71,html,04004c7d,imdelacruz03,2026-04-25,17:31:44,-07:00,2026-04-25T17:31:44-07:00,6,8
projects/index.html,72,html,04004c7d,imdelacruz03,2026-04-25,17:31:44,-07:00,2026-04-25T17:31:44-07:00,6,7
projects/index.html,73,html,c49a1a07,imdelacruz03,2026-04-29,14:54:11,-07:00,2026-04-29T14:54:11-07:00,8,17
projects/index.html,74,html,04004c7d,imdelacruz03,2026-04-25,17:31:44,-07:00,2026-04-25T17:31:44-07:00,8,70
projects/index.html,75,html,04004c7d,imdelacruz03,2026-04-25,17:31:44,-07:00,2026-04-25T17:31:44-07:00,8,215
projects/index.html,76,html,04004c7d,imdelacruz03,2026-04-25,17:31:44,-07:00,2026-04-25T17:31:44-07:00,6,8
projects/index.html,77,html,04004c7d,imdelacruz03,2026-04-25,17:31:44,-07:00,2026-04-25T17:31:44-07:00,4,4
projects/index.html,78,html,04004c7d,imdelacruz03,2026-04-25,17:31:44,-07:00,2026-04-25T17:31:44-07:00,2,5
projects/index.html,79,html,98718f1e,imdelacruz03,2026-04-17,21:25:50,-07:00,2026-04-17T21:25:50-07:00,2,48
projects/index.html,80,html,c49a1a07,imdelacruz03,2026-04-29,14:54:11,-07:00,2026-04-29T14:54:11-07:00,2,46
projects/index.html,81,html,67d4a05a,imdelacruz03,2026-04-04,14:55:42,-07:00,2026-04-04T14:55:42-07:00,0,5
projects/index.html,82,html,67d4a05a,imdelacruz03,2026-04-04,14:55:42,-07:00,2026-04-04T14:55:42-07:00,0,5
meta/index.html,1,html,00000000,Not Committed Yet,2026-05-09,19:26:15,-07:00,2026-05-09T19:26:15-07:00,0,13
meta/index.html,2,html,00000000,Not Committed Yet,2026-05-09,19:26:15,-07:00,2026-05-09T19:26:15-07:00,0,14
meta/index.html,3,html,00000000,Not Committed Yet,2026-05-09,19:26:15,-07:00,2026-05-09T19:26:15-07:00,0,4
meta/index.html,4,html,00000000,Not Committed Yet,2026-05-09,19:26:15,-07:00,2026-05-09T19:26:15-07:00,2,20
meta/index.html,5,html,00000000,Not Committed Yet,2026-05-09,19:26:15,-07:00,2026-05-09T19:26:15-07:00,2,68
meta/index.html,6,html,00000000,Not Committed Yet,2026-05-09,19:26:15,-07:00,2026-05-09T19:26:15-07:00,2,59
meta/index.html,7,html,00000000,Not Committed Yet,2026-05-09,19:26:15,-07:00,2026-05-09T19:26:15-07:00,2,41
meta/index.html,8,html,00000000,Not Committed Yet,2026-05-09,19:26:15,-07:00,2026-05-09T19:26:15-07:00,0,5
meta/index.html,9,html,00000000,Not Committed Yet,2026-05-09,19:26:15,-07:00,2026-05-09T19:26:15-07:00,0,4
meta/index.html,10,html,00000000,Not Committed Yet,2026-05-09,19:26:15,-07:00,2026-05-09T19:26:15-07:00,2,4
meta/index.html,11,html,00000000,Not Committed Yet,2026-05-09,19:26:15,-07:00,2026-05-09T19:26:15-07:00,4,24
meta/index.html,12,html,00000000,Not Committed Yet,2026-05-09,19:26:15,-07:00,2026-05-09T19:26:15-07:00,4,34
meta/index.html,13,html,00000000,Not Committed Yet,2026-05-09,19:26:15,-07:00,2026-05-09T19:26:15-07:00,2,5
meta/index.html,14,html,00000000,Not Committed Yet,2026-05-09,19:26:15,-07:00,2026-05-09T19:26:15-07:00,2,48
meta/index.html,15,html,00000000,Not Committed Yet,2026-05-09,19:26:15,-07:00,2026-05-09T19:26:15-07:00,0,5
meta/index.html,16,html,00000000,Not Committed Yet,2026-05-09,19:26:15,-07:00,2026-05-09T19:26:15-07:00,0,5
cv/index.html,1,html,acc8e104,imdelacruz03,2026-04-04,15:12:34,-07:00,2026-04-04T15:12:34-07:00,0,13
cv/index.html,2,html,acc8e104,imdelacruz03,2026-04-04,15:12:34,-07:00,2026-04-04T15:12:34-07:00,0,14
cv/index.html,3,html,acc8e104,imdelacruz03,2026-04-04,15:12:34,-07:00,2026-04-04T15:12:34-07:00,0,4
cv/index.html,4,html,acc8e104,imdelacruz03,2026-04-04,15:12:34,-07:00,2026-04-04T15:12:34-07:00,2,20
cv/index.html,5,html,acc8e104,imdelacruz03,2026-04-04,15:12:34,-07:00,2026-04-04T15:12:34-07:00,2,68
cv/index.html,6,html,acc8e104,imdelacruz03,2026-04-04,15:12:34,-07:00,2026-04-04T15:12:34-07:00,2,36
cv/index.html,7,html,acc8e104,imdelacruz03,2026-04-04,15:12:34,-07:00,2026-04-04T15:12:34-07:00,2,41
cv/index.html,8,html,acc8e104,imdelacruz03,2026-04-04,15:12:34,-07:00,2026-04-04T15:12:34-07:00,0,5
cv/index.html,9,html,acc8e104,imdelacruz03,2026-04-04,15:12:34,-07:00,2026-04-04T15:12:34-07:00,0,4
cv/index.html,10,html,04004c7d,imdelacruz03,2026-04-25,17:31:44,-07:00,2026-04-25T17:31:44-07:00,2,4
cv/index.html,11,html,04004c7d,imdelacruz03,2026-04-25,17:31:44,-07:00,2026-04-25T17:31:44-07:00,4,25
cv/index.html,12,html,04004c7d,imdelacruz03,2026-04-25,17:31:44,-07:00,2026-04-25T17:31:44-07:00,4,62
cv/index.html,13,html,04004c7d,imdelacruz03,2026-04-25,17:31:44,-07:00,2026-04-25T17:31:44-07:00,4,47
cv/index.html,14,html,acc8e104,imdelacruz03,2026-04-04,15:12:34,-07:00,2026-04-04T15:12:34-07:00,0,0
cv/index.html,15,html,04004c7d,imdelacruz03,2026-04-25,17:31:44,-07:00,2026-04-25T17:31:44-07:00,4,7
cv/index.html,16,html,04004c7d,imdelacruz03,2026-04-25,17:31:44,-07:00,2026-04-25T17:31:44-07:00,6,16
cv/index.html,17,html,04004c7d,imdelacruz03,2026-04-25,17:31:44,-07:00,2026-04-25T17:31:44-07:00,6,7
cv/index.html,18,html,04004c7d,imdelacruz03,2026-04-25,17:31:44,-07:00,2026-04-25T17:31:44-07:00,8,6
cv/index.html,19,html,04004c7d,imdelacruz03,2026-04-25,17:31:44,-07:00,2026-04-25T17:31:44-07:00,10,24
cv/index.html,20,html,04004c7d,imdelacruz03,2026-04-25,17:31:44,-07:00,2026-04-25T17:31:44-07:00,10,62
cv/index.html,21,html,04004c7d,imdelacruz03,2026-04-25,17:31:44,-07:00,2026-04-25T17:31:44-07:00,8,7
cv/index.html,22,html,04004c7d,imdelacruz03,2026-04-25,17:31:44,-07:00,2026-04-25T17:31:44-07:00,8,55
cv/index.html,23,html,04004c7d,imdelacruz03,2026-04-25,17:31:44,-07:00,2026-04-25T17:31:44-07:00,8,2
cv/index.html,24,html,04004c7d,imdelacruz03,2026-04-25,17:31:44,-07:00,2026-04-25T17:31:44-07:00,10,73
cv/index.html,25,html,04004c7d,imdelacruz03,2026-04-25,17:31:44,-07:00,2026-04-25T17:31:44-07:00,10,78
cv/index.html,26,html,04004c7d,imdelacruz03,2026-04-25,17:31:44,-07:00,2026-04-25T17:31:44-07:00,8,3
cv/index.html,27,html,04004c7d,imdelacruz03,2026-04-25,17:31:44,-07:00,2026-04-25T17:31:44-07:00,6,8
cv/index.html,28,html,04004c7d,imdelacruz03,2026-04-25,17:31:44,-07:00,2026-04-25T17:31:44-07:00,6,7
cv/index.html,29,html,04004c7d,imdelacruz03,2026-04-25,17:31:44,-07:00,2026-04-25T17:31:44-07:00,8,6
cv/index.html,30,html,04004c7d,imdelacruz03,2026-04-25,17:31:44,-07:00,2026-04-25T17:31:44-07:00,10,44
cv/index.html,31,html,04004c7d,imdelacruz03,2026-04-25,17:31:44,-07:00,2026-04-25T17:31:44-07:00,10,46
cv/index.html,32,html,04004c7d,imdelacruz03,2026-04-25,17:31:44,-07:00,2026-04-25T17:31:44-07:00,8,7
cv/index.html,33,html,04004c7d,imdelacruz03,2026-04-25,17:31:44,-07:00,2026-04-25T17:31:44-07:00,8,91
cv/index.html,34,html,04004c7d,imdelacruz03,2026-04-25,17:31:44,-07:00,2026-04-25T17:31:44-07:00,8,2
cv/index.html,35,html,04004c7d,imdelacruz03,2026-04-25,17:31:44,-07:00,2026-04-25T17:31:44-07:00,10,48
cv/index.html,36,html,04004c7d,imdelacruz03,2026-04-25,17:31:44,-07:00,2026-04-25T17:31:44-07:00,8,3
cv/index.html,37,html,04004c7d,imdelacruz03,2026-04-25,17:31:44,-07:00,2026-04-25T17:31:44-07:00,6,8
cv/index.html,38,html,04004c7d,imdelacruz03,2026-04-25,17:31:44,-07:00,2026-04-25T17:31:44-07:00,4,8
cv/index.html,39,html,a1958968,imdelacruz03,2026-04-04,15:36:18,-07:00,2026-04-04T15:36:18-07:00,0,0
cv/index.html,40,html,04004c7d,imdelacruz03,2026-04-25,17:31:44,-07:00,2026-04-25T17:31:44-07:00,4,7
cv/index.html,41,html,04004c7d,imdelacruz03,2026-04-25,17:31:44,-07:00,2026-04-25T17:31:44-07:00,6,22
cv/index.html,42,html,04004c7d,imdelacruz03,2026-04-25,17:31:44,-07:00,2026-04-25T17:31:44-07:00,6,7
cv/index.html,43,html,04004c7d,imdelacruz03,2026-04-25,17:31:44,-07:00,2026-04-25T17:31:44-07:00,8,6
cv/index.html,44,html,04004c7d,imdelacruz03,2026-04-25,17:31:44,-07:00,2026-04-25T17:31:44-07:00,10,30
cv/index.html,45,html,04004c7d,imdelacruz03,2026-04-25,17:31:44,-07:00,2026-04-25T17:31:44-07:00,10,17
cv/index.html,46,html,04004c7d,imdelacruz03,2026-04-25,17:31:44,-07:00,2026-04-25T17:31:44-07:00,8,7
cv/index.html,47,html,04004c7d,imdelacruz03,2026-04-25,17:31:44,-07:00,2026-04-25T17:31:44-07:00,8,89
cv/index.html,48,html,04004c7d,imdelacruz03,2026-04-25,17:31:44,-07:00,2026-04-25T17:31:44-07:00,8,2
cv/index.html,49,html,04004c7d,imdelacruz03,2026-04-25,17:31:44,-07:00,2026-04-25T17:31:44-07:00,10,112
cv/index.html,50,html,04004c7d,imdelacruz03,2026-04-25,17:31:44,-07:00,2026-04-25T17:31:44-07:00,10,88
cv/index.html,51,html,04004c7d,imdelacruz03,2026-04-25,17:31:44,-07:00,2026-04-25T17:31:44-07:00,10,134
cv/index.html,52,html,04004c7d,imdelacruz03,2026-04-25,17:31:44,-07:00,2026-04-25T17:31:44-07:00,8,3
cv/index.html,53,html,04004c7d,imdelacruz03,2026-04-25,17:31:44,-07:00,2026-04-25T17:31:44-07:00,6,8
cv/index.html,54,html,04004c7d,imdelacruz03,2026-04-25,17:31:44,-07:00,2026-04-25T17:31:44-07:00,6,7
cv/index.html,55,html,04004c7d,imdelacruz03,2026-04-25,17:31:44,-07:00,2026-04-25T17:31:44-07:00,8,6
cv/index.html,56,html,04004c7d,imdelacruz03,2026-04-25,17:31:44,-07:00,2026-04-25T17:31:44-07:00,10,45
cv/index.html,57,html,04004c7d,imdelacruz03,2026-04-25,17:31:44,-07:00,2026-04-25T17:31:44-07:00,10,21
cv/index.html,58,html,04004c7d,imdelacruz03,2026-04-25,17:31:44,-07:00,2026-04-25T17:31:44-07:00,8,7
cv/index.html,59,html,04004c7d,imdelacruz03,2026-04-25,17:31:44,-07:00,2026-04-25T17:31:44-07:00,8,94
cv/index.html,60,html,04004c7d,imdelacruz03,2026-04-25,17:31:44,-07:00,2026-04-25T17:31:44-07:00,8,2
cv/index.html,61,html,04004c7d,imdelacruz03,2026-04-25,17:31:44,-07:00,2026-04-25T17:31:44-07:00,10,98
cv/index.html,62,html,04004c7d,imdelacruz03,2026-04-25,17:31:44,-07:00,2026-04-25T17:31:44-07:00,10,73
cv/index.html,63,html,04004c7d,imdelacruz03,2026-04-25,17:31:44,-07:00,2026-04-25T17:31:44-07:00,10,91
cv/index.html,64,html,04004c7d,imdelacruz03,2026-04-25,17:31:44,-07:00,2026-04-25T17:31:44-07:00,8,3
cv/index.html,65,html,04004c7d,imdelacruz03,2026-04-25,17:31:44,-07:00,2026-04-25T17:31:44-07:00,6,8
cv/index.html,66,html,04004c7d,imdelacruz03,2026-04-25,17:31:44,-07:00,2026-04-25T17:31:44-07:00,6,7
cv/index.html,67,html,04004c7d,imdelacruz03,2026-04-25,17:31:44,-07:00,2026-04-25T17:31:44-07:00,8,6
cv/index.html,68,html,04004c7d,imdelacruz03,2026-04-25,17:31:44,-07:00,2026-04-25T17:31:44-07:00,10,52
cv/index.html,69,html,04004c7d,imdelacruz03,2026-04-25,17:31:44,-07:00,2026-04-25T17:31:44-07:00,10,16
cv/index.html,70,html,04004c7d,imdelacruz03,2026-04-25,17:31:44,-07:00,2026-04-25T17:31:44-07:00,8,7
cv/index.html,71,html,04004c7d,imdelacruz03,2026-04-25,17:31:44,-07:00,2026-04-25T17:31:44-07:00,8,94
cv/index.html,72,html,04004c7d,imdelacruz03,2026-04-25,17:31:44,-07:00,2026-04-25T17:31:44-07:00,8,2
cv/index.html,73,html,04004c7d,imdelacruz03,2026-04-25,17:31:44,-07:00,2026-04-25T17:31:44-07:00,10,91
cv/index.html,74,html,04004c7d,imdelacruz03,2026-04-25,17:31:44,-07:00,2026-04-25T17:31:44-07:00,10,94
cv/index.html,75,html,04004c7d,imdelacruz03,2026-04-25,17:31:44,-07:00,2026-04-25T17:31:44-07:00,10,72
cv/index.html,76,html,04004c7d,imdelacruz03,2026-04-25,17:31:44,-07:00,2026-04-25T17:31:44-07:00,8,3
cv/index.html,77,html,04004c7d,imdelacruz03,2026-04-25,17:31:44,-07:00,2026-04-25T17:31:44-07:00,6,8
cv/index.html,78,html,04004c7d,imdelacruz03,2026-04-25,17:31:44,-07:00,2026-04-25T17:31:44-07:00,4,8
cv/index.html,79,html,acc8e104,imdelacruz03,2026-04-04,15:12:34,-07:00,2026-04-04T15:12:34-07:00,0,0
cv/index.html,80,html,04004c7d,imdelacruz03,2026-04-25,17:31:44,-07:00,2026-04-25T17:31:44-07:00,4,7
cv/index.html,81,html,04004c7d,imdelacruz03,2026-04-25,17:31:44,-07:00,2026-04-25T17:31:44-07:00,6,28
cv/index.html,82,html,04004c7d,imdelacruz03,2026-04-25,17:31:44,-07:00,2026-04-25T17:31:44-07:00,6,7
cv/index.html,83,html,04004c7d,imdelacruz03,2026-04-25,17:31:44,-07:00,2026-04-25T17:31:44-07:00,8,6
cv/index.html,84,html,04004c7d,imdelacruz03,2026-04-25,17:31:44,-07:00,2026-04-25T17:31:44-07:00,10,44
cv/index.html,85,html,04004c7d,imdelacruz03,2026-04-25,17:31:44,-07:00,2026-04-25T17:31:44-07:00,10,30
cv/index.html,86,html,04004c7d,imdelacruz03,2026-04-25,17:31:44,-07:00,2026-04-25T17:31:44-07:00,8,7
cv/index.html,87,html,04004c7d,imdelacruz03,2026-04-25,17:31:44,-07:00,2026-04-25T17:31:44-07:00,8,89
cv/index.html,88,html,04004c7d,imdelacruz03,2026-04-25,17:31:44,-07:00,2026-04-25T17:31:44-07:00,8,2
cv/index.html,89,html,04004c7d,imdelacruz03,2026-04-25,17:31:44,-07:00,2026-04-25T17:31:44-07:00,10,96
cv/index.html,90,html,04004c7d,imdelacruz03,2026-04-25,17:31:44,-07:00,2026-04-25T17:31:44-07:00,10,96
cv/index.html,91,html,04004c7d,imdelacruz03,2026-04-25,17:31:44,-07:00,2026-04-25T17:31:44-07:00,10,79
cv/index.html,92,html,04004c7d,imdelacruz03,2026-04-25,17:31:44,-07:00,2026-04-25T17:31:44-07:00,8,3
cv/index.html,93,html,04004c7d,imdelacruz03,2026-04-25,17:31:44,-07:00,2026-04-25T17:31:44-07:00,6,8
cv/index.html,94,html,04004c7d,imdelacruz03,2026-04-25,17:31:44,-07:00,2026-04-25T17:31:44-07:00,6,7
cv/index.html,95,html,04004c7d,imdelacruz03,2026-04-25,17:31:44,-07:00,2026-04-25T17:31:44-07:00,8,6
cv/index.html,96,html,04004c7d,imdelacruz03,2026-04-25,17:31:44,-07:00,2026-04-25T17:31:44-07:00,10,41
cv/index.html,97,html,04004c7d,imdelacruz03,2026-04-25,17:31:44,-07:00,2026-04-25T17:31:44-07:00,10,21
cv/index.html,98,html,04004c7d,imdelacruz03,2026-04-25,17:31:44,-07:00,2026-04-25T17:31:44-07:00,8,7
cv/index.html,99,html,04004c7d,imdelacruz03,2026-04-25,17:31:44,-07:00,2026-04-25T17:31:44-07:00,8,95
cv/index.html,100,html,04004c7d,imdelacruz03,2026-04-25,17:31:44,-07:00,2026-04-25T17:31:44-07:00,8,2
cv/index.html,101,html,04004c7d,imdelacruz03,2026-04-25,17:31:44,-07:00,2026-04-25T17:31:44-07:00,10,62
cv/index.html,102,html,04004c7d,imdelacruz03,2026-04-25,17:31:44,-07:00,2026-04-25T17:31:44-07:00,10,86
cv/index.html,103,html,04004c7d,imdelacruz03,2026-04-25,17:31:44,-07:00,2026-04-25T17:31:44-07:00,8,3
cv/index.html,104,html,04004c7d,imdelacruz03,2026-04-25,17:31:44,-07:00,2026-04-25T17:31:44-07:00,6,8
cv/index.html,105,html,04004c7d,imdelacruz03,2026-04-25,17:31:44,-07:00,2026-04-25T17:31:44-07:00,4,8
cv/index.html,106,html,acc8e104,imdelacruz03,2026-04-04,15:12:34,-07:00,2026-04-04T15:12:34-07:00,0,0
cv/index.html,107,html,04004c7d,imdelacruz03,2026-04-25,17:31:44,-07:00,2026-04-25T17:31:44-07:00,4,7
cv/index.html,108,html,04004c7d,imdelacruz03,2026-04-25,17:31:44,-07:00,2026-04-25T17:31:44-07:00,6,13
cv/index.html,109,html,04004c7d,imdelacruz03,2026-04-25,17:31:44,-07:00,2026-04-25T17:31:44-07:00,6,60
cv/index.html,110,html,04004c7d,imdelacruz03,2026-04-25,17:31:44,-07:00,2026-04-25T17:31:44-07:00,4,8
cv/index.html,111,html,a1958968,imdelacruz03,2026-04-04,15:36:18,-07:00,2026-04-04T15:36:18-07:00,0,0
cv/index.html,112,html,04004c7d,imdelacruz03,2026-04-25,17:31:44,-07:00,2026-04-25T17:31:44-07:00,4,7
cv/index.html,113,html,04004c7d,imdelacruz03,2026-04-25,17:31:44,-07:00,2026-04-25T17:31:44-07:00,6,13
cv/index.html,114,html,04004c7d,imdelacruz03,2026-04-25,17:31:44,-07:00,2026-04-25T17:31:44-07:00,6,2
cv/index.html,115,html,04004c7d,imdelacruz03,2026-04-25,17:31:44,-07:00,2026-04-25T17:31:44-07:00,8,133
cv/index.html,116,html,04004c7d,imdelacruz03,2026-04-25,17:31:44,-07:00,2026-04-25T17:31:44-07:00,8,104
cv/index.html,117,html,04004c7d,imdelacruz03,2026-04-25,17:31:44,-07:00,2026-04-25T17:31:44-07:00,6,3
cv/index.html,118,html,04004c7d,imdelacruz03,2026-04-25,17:31:44,-07:00,2026-04-25T17:31:44-07:00,4,8
cv/index.html,119,html,04004c7d,imdelacruz03,2026-04-25,17:31:44,-07:00,2026-04-25T17:31:44-07:00,2,5
cv/index.html,120,html,98718f1e,imdelacruz03,2026-04-17,21:25:50,-07:00,2026-04-17T21:25:50-07:00,2,48
cv/index.html,121,html,acc8e104,imdelacruz03,2026-04-04,15:12:34,-07:00,2026-04-04T15:12:34-07:00,0,5
cv/index.html,122,html,acc8e104,imdelacruz03,2026-04-04,15:12:34,-07:00,2026-04-04T15:12:34-07:00,0,5
contact/index.html,1,html,67d4a05a,imdelacruz03,2026-04-04,14:55:42,-07:00,2026-04-04T14:55:42-07:00,0,13
contact/index.html,2,html,67d4a05a,imdelacruz03,2026-04-04,14:55:42,-07:00,2026-04-04T14:55:42-07:00,0,14
contact/index.html,3,html,67d4a05a,imdelacruz03,2026-04-04,14:55:42,-07:00,2026-04-04T14:55:42-07:00,0,4
contact/index.html,4,html,67d4a05a,imdelacruz03,2026-04-04,14:55:42,-07:00,2026-04-04T14:55:42-07:00,2,20
contact/index.html,5,html,67d4a05a,imdelacruz03,2026-04-04,14:55:42,-07:00,2026-04-04T14:55:42-07:00,2,68
contact/index.html,6,html,67d4a05a,imdelacruz03,2026-04-04,14:55:42,-07:00,2026-04-04T14:55:42-07:00,2,41
contact/index.html,7,html,67d4a05a,imdelacruz03,2026-04-04,14:55:42,-07:00,2026-04-04T14:55:42-07:00,2,41
contact/index.html,8,html,67d4a05a,imdelacruz03,2026-04-04,14:55:42,-07:00,2026-04-04T14:55:42-07:00,0,5
contact/index.html,9,html,67d4a05a,imdelacruz03,2026-04-04,14:55:42,-07:00,2026-04-04T14:55:42-07:00,0,4
contact/index.html,10,html,04004c7d,imdelacruz03,2026-04-25,17:31:44,-07:00,2026-04-25T17:31:44-07:00,2,4
contact/index.html,11,html,04004c7d,imdelacruz03,2026-04-25,17:31:44,-07:00,2026-04-25T17:31:44-07:00,4,17
contact/index.html,12,html,04004c7d,imdelacruz03,2026-04-25,17:31:44,-07:00,2026-04-25T17:31:44-07:00,4,75
contact/index.html,13,html,04004c7d,imdelacruz03,2026-04-25,17:31:44,-07:00,2026-04-25T17:31:44-07:00,6,11
contact/index.html,14,html,04004c7d,imdelacruz03,2026-04-25,17:31:44,-07:00,2026-04-25T17:31:44-07:00,8,57
contact/index.html,15,html,04004c7d,imdelacruz03,2026-04-25,17:31:44,-07:00,2026-04-25T17:31:44-07:00,6,6
contact/index.html,16,html,04004c7d,imdelacruz03,2026-04-25,17:31:44,-07:00,2026-04-25T17:31:44-07:00,6,13
contact/index.html,17,html,04004c7d,imdelacruz03,2026-04-25,17:31:44,-07:00,2026-04-25T17:31:44-07:00,8,35
contact/index.html,18,html,04004c7d,imdelacruz03,2026-04-25,17:31:44,-07:00,2026-04-25T17:31:44-07:00,6,6
contact/index.html,19,html,04004c7d,imdelacruz03,2026-04-25,17:31:44,-07:00,2026-04-25T17:31:44-07:00,6,13
contact/index.html,20,html,04004c7d,imdelacruz03,2026-04-25,17:31:44,-07:00,2026-04-25T17:31:44-07:00,8,55
contact/index.html,21,html,04004c7d,imdelacruz03,2026-04-25,17:31:44,-07:00,2026-04-25T17:31:44-07:00,6,6
contact/index.html,22,html,04004c7d,imdelacruz03,2026-04-25,17:31:44,-07:00,2026-04-25T17:31:44-07:00,6,19
contact/index.html,23,html,04004c7d,imdelacruz03,2026-04-25,17:31:44,-07:00,2026-04-25T17:31:44-07:00,4,5
contact/index.html,24,html,04004c7d,imdelacruz03,2026-04-25,17:31:44,-07:00,2026-04-25T17:31:44-07:00,2,5
contact/index.html,25,html,98718f1e,imdelacruz03,2026-04-17,21:25:50,-07:00,2026-04-17T21:25:50-07:00,2,48
contact/index.html,26,html,67d4a05a,imdelacruz03,2026-04-04,14:55:42,-07:00,2026-04-04T14:55:42-07:00,0,5
contact/index.html,27,html,67d4a05a,imdelacruz03,2026-04-04,14:55:42,-07:00,2026-04-04T14:55:42-07:00,0,5
